CREATE DATABASE  IF NOT EXISTS `snscloud` /*!40100 DEFAULT CHARACTER SET utf8 */;
USE `snscloud`;
-- MySQL dump 10.13  Distrib 5.6.17, for osx10.6 (i386)
--
-- Host: 192.168.0.211    Database: snscloud
-- ------------------------------------------------------
-- Server version	5.1.73

/*!40101 SET @OLD_CHARACTER_SET_CLIENT=@@CHARACTER_SET_CLIENT */;
/*!40101 SET @OLD_CHARACTER_SET_RESULTS=@@CHARACTER_SET_RESULTS */;
/*!40101 SET @OLD_COLLATION_CONNECTION=@@COLLATION_CONNECTION */;
/*!40101 SET NAMES utf8 */;
/*!40103 SET @OLD_TIME_ZONE=@@TIME_ZONE */;
/*!40103 SET TIME_ZONE='+00:00' */;
/*!40014 SET @OLD_UNIQUE_CHECKS=@@UNIQUE_CHECKS, UNIQUE_CHECKS=0 */;
/*!40014 SET @OLD_FOREIGN_KEY_CHECKS=@@FOREIGN_KEY_CHECKS, FOREIGN_KEY_CHECKS=0 */;
/*!40101 SET @OLD_SQL_MODE=@@SQL_MODE, SQL_MODE='NO_AUTO_VALUE_ON_ZERO' */;
/*!40111 SET @OLD_SQL_NOTES=@@SQL_NOTES, SQL_NOTES=0 */;

--
-- Table structure for table `sns_ discussion_topic`
--

DROP TABLE IF EXISTS `sns_ discussion_topic`;
/*!40101 SET @saved_cs_client     = @@character_set_client */;
/*!40101 SET character_set_client = utf8 */;
CREATE TABLE `sns_ discussion_topic` (
  `topicid` bigint(8) unsigned NOT NULL AUTO_INCREMENT COMMENT 'ËØùÈ¢òid',
  `userid` int(11) unsigned NOT NULL COMMENT 'ÂèëÂ∏ÉËÄÖid',
  `title` varchar(100) NOT NULL COMMENT 'ËØùÈ¢òÊ†áÈ¢ò',
  `description` varchar(255) DEFAULT NULL COMMENT 'ËØùÈ¢òÊèèËø∞',
  `attachment` varchar(100) DEFAULT NULL COMMENT 'ÈôÑ‰ª∂Âêç',
  `size` int(11) DEFAULT NULL COMMENT 'ÈôÑ‰ª∂Â§ßÂ∞è',
  `type` varchar(15) DEFAULT NULL COMMENT 'ÈôÑ‰ª∂Á±ªÂûã',
  `localpath` varchar(255) DEFAULT NULL COMMENT 'ÈôÑ‰ª∂Êú¨Âú∞Ë∑ØÂæÑ',
  `url` varchar(255) DEFAULT NULL COMMENT 'ÈôÑ‰ª∂ËÆøÈóÆË∑ØÂæÑ',
  `status` tinyint(1) unsigned DEFAULT '0' COMMENT 'Áä∂ÊÄÅÔºà0ÊòæÁ§∫Ôºå1Á¶ÅÊ≠¢Ôºâ',
  `created` varchar(13) NOT NULL COMMENT 'ÂèëÂ∏ÉÊó∂Èó¥',
  PRIMARY KEY (`topicid`),
  KEY `fk_sns_ discussion_topic_sns_member1_idx` (`userid`),
  CONSTRAINT `fk_sns_ discussion_topic_sns_member1` FOREIGN KEY (`userid`) REFERENCES `sns_member` (`userid`) ON DELETE NO ACTION ON UPDATE NO ACTION
) ENGINE=InnoDB DEFAULT CHARSET=utf8;
/*!40101 SET character_set_client = @saved_cs_client */;

--
-- Dumping data for table `sns_ discussion_topic`
--

LOCK TABLES `sns_ discussion_topic` WRITE;
/*!40000 ALTER TABLE `sns_ discussion_topic` DISABLE KEYS */;
/*!40000 ALTER TABLE `sns_ discussion_topic` ENABLE KEYS */;
UNLOCK TABLES;

--
-- Table structure for table `sns_ filename_extension`
--

DROP TABLE IF EXISTS `sns_ filename_extension`;
/*!40101 SET @saved_cs_client     = @@character_set_client */;
/*!40101 SET character_set_client = utf8 */;
CREATE TABLE `sns_ filename_extension` (
  `extid` int(11) unsigned NOT NULL AUTO_INCREMENT COMMENT 'Êâ©Â±ïÂêçid',
  `name` varchar(45) NOT NULL COMMENT 'Êâ©Â±ïÂêçÁß∞',
  `category` varchar(45) DEFAULT NULL COMMENT 'Êâ©Â±ïÂêçÂΩíÂ±ûÁ±ª',
  PRIMARY KEY (`extid`)
) ENGINE=InnoDB AUTO_INCREMENT=33 DEFAULT CHARSET=utf8 COMMENT='Êñá‰ª∂Êâ©Â±ïÂêçË°®';
/*!40101 SET character_set_client = @saved_cs_client */;

--
-- Dumping data for table `sns_ filename_extension`
--

LOCK TABLES `sns_ filename_extension` WRITE;
/*!40000 ALTER TABLE `sns_ filename_extension` DISABLE KEYS */;
INSERT INTO `sns_ filename_extension` VALUES (1,'vob','video'),(2,'ifo','video'),(3,'mpg','video'),(4,'mpeg','video'),(5,'dat','video'),(6,'mp4','video'),(7,'3gp','video'),(8,'mov','video'),(9,'rm','video'),(10,'ram','video'),(11,'rmvb','video'),(12,'wmv','video'),(13,'wav','music'),(14,'wma','music'),(15,'ra','music'),(16,'ogg','music'),(17,'mpc','music'),(18,'m4a','music'),(19,'aac','music'),(20,'mpa','music'),(21,'mp2','music'),(22,'m1a','music'),(23,'m2a','music'),(24,'mp3','music'),(25,'mid','music'),(26,'midi','music'),(27,'rmi','music'),(28,'mka','music'),(29,'ac3','music'),(30,'asf','video'),(31,'avi','video'),(32,'asx','video');
/*!40000 ALTER TABLE `sns_ filename_extension` ENABLE KEYS */;
UNLOCK TABLES;

--
-- Table structure for table `sns_ role_operation_func`
--

DROP TABLE IF EXISTS `sns_ role_operation_func`;
/*!40101 SET @saved_cs_client     = @@character_set_client */;
/*!40101 SET character_set_client = utf8 */;
CREATE TABLE `sns_ role_operation_func` (
  `rofid` int(11) unsigned NOT NULL AUTO_INCREMENT COMMENT 'ËßíËâ≤',
  `roleid` int(11) unsigned NOT NULL COMMENT 'ËßíËâ≤id',
  `ofid` int(11) unsigned NOT NULL COMMENT 'Êìç‰Ωú',
  PRIMARY KEY (`rofid`),
  KEY `fk_sns_ role_operation_func_sns_role1_idx` (`roleid`),
  KEY `fk_sns_ role_operation_func_sns_operation_func1_idx` (`ofid`),
  CONSTRAINT `fk_sns_ role_operation_func_sns_role1` FOREIGN KEY (`roleid`) REFERENCES `sns_role` (`roleid`) ON DELETE NO ACTION ON UPDATE NO ACTION,
  CONSTRAINT `fk_sns_ role_operation_func_sns_operation_func1` FOREIGN KEY (`ofid`) REFERENCES `sns_operation_func` (`ofid`) ON DELETE NO ACTION ON UPDATE NO ACTION
) ENGINE=InnoDB AUTO_INCREMENT=61 DEFAULT CHARSET=utf8 COMMENT='ËßíËâ≤-Êì';
/*!40101 SET character_set_client = @saved_cs_client */;

--
-- Dumping data for table `sns_ role_operation_func`
--

LOCK TABLES `sns_ role_operation_func` WRITE;
/*!40000 ALTER TABLE `sns_ role_operation_func` DISABLE KEYS */;
INSERT INTO `sns_ role_operation_func` VALUES (1,1,1),(2,1,2),(3,1,3),(4,1,4),(5,1,5),(6,1,6),(7,1,7),(8,1,8),(9,1,9),(10,1,10),(11,1,11),(12,1,12),(13,1,13),(14,1,14),(15,1,15),(16,1,16),(17,1,17),(18,1,18),(19,1,19),(20,1,20),(21,1,21),(22,1,22),(23,1,23),(24,1,24),(25,1,25),(26,1,26),(27,1,27),(28,1,28),(29,1,29),(30,1,30),(31,1,31),(32,1,32),(33,1,33),(34,1,34),(35,1,35),(36,1,36),(37,1,37),(38,1,38),(39,1,39),(40,1,40),(41,2,1),(42,2,2),(43,2,3),(44,2,4),(45,2,5),(46,2,6),(47,2,7),(48,2,8),(49,2,9),(50,2,10),(51,2,11),(52,2,12),(53,2,13),(54,2,14),(55,2,15),(56,2,16),(57,2,17),(58,2,18),(59,2,19),(60,2,20);
/*!40000 ALTER TABLE `sns_ role_operation_func` ENABLE KEYS */;
UNLOCK TABLES;

--
-- Table structure for table `sns_article_category`
--

DROP TABLE IF EXISTS `sns_article_category`;
/*!40101 SET @saved_cs_client     = @@character_set_client */;
/*!40101 SET character_set_client = utf8 */;
CREATE TABLE `sns_article_category` (
  `categoryid` int(11) NOT NULL AUTO_INCREMENT COMMENT 'ÂàÜÁ±ªid',
  `name` varchar(45) NOT NULL COMMENT 'ÂàÜÁ±ªÂêçÁß∞',
  `parentids` varchar(255) DEFAULT NULL COMMENT '‰∏äÁ∫ßÂàÜÁ±ªid',
  `childids` varchar(45) DEFAULT NULL COMMENT '‰∏ãÁ∫ßÂàÜÁ±ªid',
  `created` varchar(13) NOT NULL COMMENT 'ÂàõÂª∫Êó∂Èó¥',
  PRIMARY KEY (`categoryid`)
) ENGINE=InnoDB DEFAULT CHARSET=utf8;
/*!40101 SET character_set_client = @saved_cs_client */;

--
-- Dumping data for table `sns_article_category`
--

LOCK TABLES `sns_article_category` WRITE;
/*!40000 ALTER TABLE `sns_article_category` DISABLE KEYS */;
/*!40000 ALTER TABLE `sns_article_category` ENABLE KEYS */;
UNLOCK TABLES;

--
-- Table structure for table `sns_circle`
--

DROP TABLE IF EXISTS `sns_circle`;
/*!40101 SET @saved_cs_client     = @@character_set_client */;
/*!40101 SET character_set_client = utf8 */;
CREATE TABLE `sns_circle` (
  `circleid` int(11) unsigned NOT NULL AUTO_INCREMENT COMMENT 'ÂúàÂ≠êid',
  `groupid` int(11) NOT NULL,
  `name` varchar(45) NOT NULL COMMENT 'ÂúàÂ≠êÂêçÁß∞',
  `userid` int(11) unsigned NOT NULL COMMENT 'Âúà‰∏ªÁî®Êà∑id',
  `parentids` varchar(255) DEFAULT NULL COMMENT '‰∏äÁ∫ßÂúàÂ≠êid',
  `childids` varchar(255) DEFAULT NULL COMMENT '‰∏ãÁ∫ßÂúàÂ≠êid',
  `logo` varchar(255) DEFAULT NULL COMMENT 'ÂúàÂ≠êlogo',
  `istopic` tinyint(1) unsigned DEFAULT '0' COMMENT 'ÂèëÂ∏ÉËØùÈ¢òÔºà0ËøêË°åÔºå1Á¶ÅÊ≠¢Ôºâ',
  `iscomment` tinyint(1) unsigned DEFAULT '0' COMMENT 'ÂõûÂ§çËØùÈ¢òÔºà0ÂÖÅËÆ∏Ôºå1Á¶ÅÊ≠¢Ôºâ',
  `status` tinyint(1) unsigned NOT NULL DEFAULT '0' COMMENT 'Áä∂ÊÄÅÔºà0ÂæÖÂÆ°Ôºå1ÈÄöËøáÔºå2Á¶ÅÁî®Ôºâ',
  `created` varchar(13) NOT NULL COMMENT 'ÂàõÂª∫Êó•Êúü',
  PRIMARY KEY (`circleid`),
  KEY `fk_sns_circle_sns_member1_idx` (`userid`),
  CONSTRAINT `fk_sns_circle_sns_member1` FOREIGN KEY (`userid`) REFERENCES `sns_member` (`userid`) ON DELETE NO ACTION ON UPDATE NO ACTION
) ENGINE=InnoDB DEFAULT CHARSET=utf8;
/*!40101 SET character_set_client = @saved_cs_client */;

--
-- Dumping data for table `sns_circle`
--

LOCK TABLES `sns_circle` WRITE;
/*!40000 ALTER TABLE `sns_circle` DISABLE KEYS */;
/*!40000 ALTER TABLE `sns_circle` ENABLE KEYS */;
UNLOCK TABLES;

--
-- Table structure for table `sns_circle_cloudfile_manage`
--

DROP TABLE IF EXISTS `sns_circle_cloudfile_manage`;
/*!40101 SET @saved_cs_client     = @@character_set_client */;
/*!40101 SET character_set_client = utf8 */;
CREATE TABLE `sns_circle_cloudfile_manage` (
  `ccloudid` bigint(19) unsigned NOT NULL AUTO_INCREMENT COMMENT '‰∫ëÁõòid',
  `parenturl` varchar(255) DEFAULT NULL COMMENT '‰∏äÁ∫ßË∑ØÂæÑ',
  `name` varchar(100) NOT NULL COMMENT 'Êñá‰ª∂Âêç',
  `url` varchar(255) NOT NULL COMMENT 'GÁõòË∑ØÂæÑ',
  `oldurl` varchar(255) NOT NULL COMMENT 'ÂéüÂßãË∑ØÂæÑ',
  `fileid` bigint(8) unsigned NOT NULL COMMENT 'Êñá‰ª∂id',
  `userid` int(11) unsigned NOT NULL COMMENT 'ÂàÜ‰∫´ËÄÖid',
  `ext` varchar(45) DEFAULT NULL COMMENT 'Êâ©Â±ïÂêç',
  `type` varchar(45) DEFAULT NULL COMMENT 'Á±ªÂûã',
  `accesstimes` int(10) unsigned DEFAULT '0' COMMENT 'Êü•ÁúãÊ¨°Êï∞',
  `isencryption` tinyint(1) unsigned DEFAULT '0' COMMENT 'Âä†ÂØÜÔºà0Âê¶Ôºå1ÊòØÔºâ',
  `isreadable` tinyint(1) unsigned DEFAULT '1' COMMENT 'ÂèØËØªÊÄßÔºà1ÂèØËØªÔºå0‰∏çÂèØËØªÔºâ',
  `iswriteable` tinyint(1) unsigned DEFAULT '1' COMMENT 'ÂèØÂÜôÊÄßÔºà1ÂèØÂÜôÔºå0‰∏çÂèØÂÜôÔºâ',
  `size` int(11) DEFAULT NULL COMMENT 'Êñá‰ª∂Â§ßÂ∞è',
  `sizefriendly` varchar(45) DEFAULT NULL COMMENT 'Êñá‰ª∂Â§ßÂ∞èÔºàÂ∏¶Âçï‰ΩçÔºâ',
  `status` tinyint(1) unsigned DEFAULT '0' COMMENT 'Áä∂ÊÄÅÔºà0ÊòæÁ§∫Ôºå1ÈöêËóèÔºâ',
  `lastaccesstime` varchar(13) NOT NULL COMMENT 'ÊúÄÂêéËÆøÈóÆÊó∂Èó¥',
  `modifytime` varchar(13) DEFAULT NULL COMMENT '‰øÆÊîπÊó∂Èó¥',
  `createtime` varchar(13) NOT NULL COMMENT 'ÂàõÂª∫Êó∂Èó¥',
  PRIMARY KEY (`ccloudid`),
  KEY `fk_sns_circle_cloudfile_manage_sns_cmm_localfile_manage1_idx` (`fileid`),
  CONSTRAINT `fk_sns_circle_cloudfile_manage_sns_cmm_localfile_manage1` FOREIGN KEY (`fileid`) REFERENCES `sns_cmm_localfile_manage` (`fileid`) ON DELETE NO ACTION ON UPDATE NO ACTION
) ENGINE=InnoDB AUTO_INCREMENT=2 DEFAULT CHARSET=utf8;
/*!40101 SET character_set_client = @saved_cs_client */;

--
-- Dumping data for table `sns_circle_cloudfile_manage`
--

LOCK TABLES `sns_circle_cloudfile_manage` WRITE;
/*!40000 ALTER TABLE `sns_circle_cloudfile_manage` DISABLE KEYS */;
/*!40000 ALTER TABLE `sns_circle_cloudfile_manage` ENABLE KEYS */;
UNLOCK TABLES;

--
-- Table structure for table `sns_circle_operation_records`
--

DROP TABLE IF EXISTS `sns_circle_operation_records`;
/*!40101 SET @saved_cs_client     = @@character_set_client */;
/*!40101 SET character_set_client = utf8 */;
CREATE TABLE `sns_circle_operation_records` (
  `corid` bigint(8) unsigned NOT NULL AUTO_INCREMENT COMMENT 'Êìç‰Ωúid',
  `userid` int(11) unsigned NOT NULL COMMENT 'Êìç‰ΩúÁî®Êà∑id',
  `circleid` int(11) unsigned NOT NULL COMMENT 'ÂúàÂ≠êid',
  `name` varchar(100) NOT NULL COMMENT 'Êñá‰ª∂ÂêçÁß∞',
  `operationid` int(11) unsigned NOT NULL COMMENT 'Êìç‰Ωúid',
  `created` varchar(13) NOT NULL COMMENT 'Êìç‰ΩúÊó∂Èó¥',
  PRIMARY KEY (`corid`),
  KEY `fk_sns_circle_operation_records_sns_member1_idx` (`userid`),
  KEY `fk_sns_circle_operation_records_sns_circle1_idx` (`circleid`),
  CONSTRAINT `fk_sns_circle_operation_records_sns_member1` FOREIGN KEY (`userid`) REFERENCES `sns_member` (`userid`) ON DELETE NO ACTION ON UPDATE NO ACTION,
  CONSTRAINT `fk_sns_circle_operation_records_sns_circle1` FOREIGN KEY (`circleid`) REFERENCES `sns_circle` (`circleid`) ON DELETE NO ACTION ON UPDATE NO ACTION
) ENGINE=InnoDB DEFAULT CHARSET=utf8;
/*!40101 SET character_set_client = @saved_cs_client */;

--
-- Dumping data for table `sns_circle_operation_records`
--

LOCK TABLES `sns_circle_operation_records` WRITE;
/*!40000 ALTER TABLE `sns_circle_operation_records` DISABLE KEYS */;
/*!40000 ALTER TABLE `sns_circle_operation_records` ENABLE KEYS */;
UNLOCK TABLES;

--
-- Table structure for table `sns_circle_work`
--

DROP TABLE IF EXISTS `sns_circle_work`;
/*!40101 SET @saved_cs_client     = @@character_set_client */;
/*!40101 SET character_set_client = utf8 */;
CREATE TABLE `sns_circle_work` (
  `workid` bigint(8) unsigned NOT NULL AUTO_INCREMENT COMMENT '‰Ωú‰∏öid',
  `userid` int(11) unsigned NOT NULL COMMENT 'ÂèëÂ∏ÉËÄÖid',
  `circleid` int(11) unsigned NOT NULL COMMENT 'ÂúàÂ≠êid',
  `title` varchar(45) NOT NULL COMMENT '‰Ωú‰∏öÈ¢òÁõÆ',
  `starttime` varchar(13) NOT NULL COMMENT 'ÂºÄÂßãÊó∂Èó¥',
  `endtime` varchar(13) NOT NULL COMMENT 'ÁªìÊùüÊó∂Èó¥',
  `description` varchar(255) DEFAULT NULL COMMENT '‰Ωú‰∏öÊèèËø∞',
  `created` varchar(13) NOT NULL COMMENT 'ÂàõÂª∫Êó∂Èó¥',
  PRIMARY KEY (`workid`),
  KEY `fk_sns_circle_work_sns_member1_idx` (`userid`),
  KEY `fk_sns_circle_work_sns_circle1_idx` (`circleid`),
  CONSTRAINT `fk_sns_circle_work_sns_member1` FOREIGN KEY (`userid`) REFERENCES `sns_member` (`userid`) ON DELETE NO ACTION ON UPDATE NO ACTION,
  CONSTRAINT `fk_sns_circle_work_sns_circle1` FOREIGN KEY (`circleid`) REFERENCES `sns_circle` (`circleid`) ON DELETE NO ACTION ON UPDATE NO ACTION
) ENGINE=InnoDB DEFAULT CHARSET=utf8;
/*!40101 SET character_set_client = @saved_cs_client */;

--
-- Dumping data for table `sns_circle_work`
--

LOCK TABLES `sns_circle_work` WRITE;
/*!40000 ALTER TABLE `sns_circle_work` DISABLE KEYS */;
/*!40000 ALTER TABLE `sns_circle_work` ENABLE KEYS */;
UNLOCK TABLES;

--
-- Table structure for table `sns_circle_work_commit`
--

DROP TABLE IF EXISTS `sns_circle_work_commit`;
/*!40101 SET @saved_cs_client     = @@character_set_client */;
/*!40101 SET character_set_client = utf8 */;
CREATE TABLE `sns_circle_work_commit` (
  `commitid` bigint(8) unsigned NOT NULL AUTO_INCREMENT COMMENT 'Êèê‰∫§id',
  `userid` int(11) unsigned NOT NULL COMMENT 'Êèê‰∫§ËÄÖid',
  `workid` bigint(8) unsigned NOT NULL COMMENT '‰Ωú‰∏öid',
  `name` varchar(255) NOT NULL COMMENT 'Êñá‰ª∂ÂêçÁß∞',
  `size` int(10) unsigned NOT NULL,
  `type` varchar(15) NOT NULL COMMENT 'Á±ªÂûã',
  `localpath` varchar(255) NOT NULL COMMENT 'Êú¨Âú∞Ë∑ØÂæÑ',
  `url` varchar(255) DEFAULT NULL COMMENT 'ËÆøÈóÆË∑ØÂæÑ',
  `created` varchar(13) NOT NULL COMMENT 'ÂèëÂ∏ÉÊó∂Èó¥',
  PRIMARY KEY (`commitid`),
  KEY `fk_sns_circle_work_commit_sns_member1_idx` (`userid`),
  KEY `fk_sns_circle_work_commit_sns_circle_work1_idx` (`workid`),
  CONSTRAINT `fk_sns_circle_work_commit_sns_member1` FOREIGN KEY (`userid`) REFERENCES `sns_member` (`userid`) ON DELETE NO ACTION ON UPDATE NO ACTION,
  CONSTRAINT `fk_sns_circle_work_commit_sns_circle_work1` FOREIGN KEY (`workid`) REFERENCES `sns_circle_work` (`workid`) ON DELETE NO ACTION ON UPDATE NO ACTION
) ENGINE=InnoDB DEFAULT CHARSET=utf8;
/*!40101 SET character_set_client = @saved_cs_client */;

--
-- Dumping data for table `sns_circle_work_commit`
--

LOCK TABLES `sns_circle_work_commit` WRITE;
/*!40000 ALTER TABLE `sns_circle_work_commit` DISABLE KEYS */;
/*!40000 ALTER TABLE `sns_circle_work_commit` ENABLE KEYS */;
UNLOCK TABLES;

--
-- Table structure for table `sns_cmm_localfile_manage`
--

DROP TABLE IF EXISTS `sns_cmm_localfile_manage`;
/*!40101 SET @saved_cs_client     = @@character_set_client */;
/*!40101 SET character_set_client = utf8 */;
CREATE TABLE `sns_cmm_localfile_manage` (
  `fileid` bigint(8) unsigned NOT NULL AUTO_INCREMENT COMMENT 'Êñá‰ª∂id',
  `userid` int(11) unsigned NOT NULL COMMENT '‰∏ä‰º†ËÄÖid',
  `name` varchar(255) NOT NULL COMMENT 'Êñá‰ª∂ÂêçÁß∞',
  `tags` varchar(255) DEFAULT NULL COMMENT 'Ê†áÁ≠æ',
  `size` int(10) unsigned NOT NULL COMMENT 'Â§ßÂ∞è',
  `type` varchar(15) NOT NULL COMMENT 'Á±ªÂûã',
  `local` varchar(255) NOT NULL COMMENT 'ÂéüË∑ØÂæÑÔºàÂ§çÂà∂Áî®Ôºâ',
  `url` varchar(255) NOT NULL COMMENT 'ËÆøÈóÆË∑ØÂæÑ',
  `status` tinyint(1) unsigned DEFAULT NULL COMMENT 'Áä∂ÊÄÅÔºà0ÊòæÁ§∫Ôºå1ÈöêËóèÔºâ',
  `modifytime` varchar(13) NOT NULL COMMENT '‰øÆÊîπÊó•Êúü',
  `createtime` varchar(13) NOT NULL COMMENT 'ÂàõÂª∫Êó•Êúü',
  PRIMARY KEY (`fileid`),
  KEY `fk_sns_file_manage_sns_member1_idx` (`userid`),
  CONSTRAINT `fk_sns_file_manage_sns_member1` FOREIGN KEY (`userid`) REFERENCES `sns_member` (`userid`) ON DELETE NO ACTION ON UPDATE NO ACTION
) ENGINE=InnoDB AUTO_INCREMENT=466 DEFAULT CHARSET=utf8;
/*!40101 SET character_set_client = @saved_cs_client */;

--
-- Dumping data for table `sns_cmm_localfile_manage`
--

LOCK TABLES `sns_cmm_localfile_manage` WRITE;
/*!40000 ALTER TABLE `sns_cmm_localfile_manage` DISABLE KEYS */;
INSERT INTO `sns_cmm_localfile_manage` VALUES (1,1,'ÊàëÁöÑGÁõò','ÊàëÁöÑGÁõò',0,'folder','/mnt/hgfs/www/SNSCloud/data/1/private/','/mnt/hgfs/www/SNSCloud/data/1/private/',0,'1408699280','1408699280'),(2,1,'ÊàëÊî∂Âà∞ÁöÑÂàÜ‰∫´','ÊàëÊî∂Âà∞ÁöÑÂàÜ‰∫´',0,'folder','/mnt/hgfs/www/SNSCloud/data/1/public/','/mnt/hgfs/www/SNSCloud/data/1/public/',0,'1408699280','1408699280'),(423,1,'Êñ∞Âª∫Êñá‰ª∂Â§π','Êñ∞Âª∫Êñá‰ª∂Â§π',0,'folder','/mnt/hgfs/www/SNSCloud/data/1/private//1410318944','/mnt/hgfs/www/SNSCloud/data/1/private//1410318944',0,'1410318944','1410318944'),(424,1,'Êñ∞Âª∫Êñá‰ª∂Â§π(0)','Êñ∞Âª∫Êñá‰ª∂Â§π(0)',0,'folder','/mnt/hgfs/www/SNSCloud/data/1/private//1410318945','/mnt/hgfs/www/SNSCloud/data/1/private//1410318945',0,'1410318945','1410318945'),(425,1,'newfile.txt','newfile.txt',0,'file','/mnt/hgfs/www/SNSCloud/data/1/private/1410318947.txt','/mnt/hgfs/www/SNSCloud/data/1/private/1410318947.txt',0,'1410318947','1410318947'),(426,1,'Êñ∞Âª∫Êñá‰ª∂Â§π(1)','Êñ∞Âª∫Êñá‰ª∂Â§π(1)',0,'folder','/mnt/hgfs/www/SNSCloud/data/1/private//1410318948','/mnt/hgfs/www/SNSCloud/data/1/private//1410318948',0,'1410318948','1410318948'),(427,1,'Êñ∞Âª∫Êñá‰ª∂Â§π','Êñ∞Âª∫Êñá‰ª∂Â§π',0,'folder','/mnt/hgfs/www/SNSCloud/data/1/private//1410338038','/mnt/hgfs/www/SNSCloud/data/1/private//1410338038',0,'1410338038','1410338038'),(428,1,'Êñ∞Âª∫Êñá‰ª∂Â§π(0)','Êñ∞Âª∫Êñá‰ª∂Â§π(0)',0,'folder','/mnt/hgfs/www/SNSCloud/data/1/private//1410338045','/mnt/hgfs/www/SNSCloud/data/1/private//1410338045',0,'1410338045','1410338045'),(429,1,'newfile.txt','newfile.txt',0,'file','/mnt/hgfs/www/SNSCloud/data/1/private/1410338047.txt','/mnt/hgfs/www/SNSCloud/data/1/private/1410338047.txt',0,'1410338047','1410338047'),(430,1,'Êñ∞Âª∫Êñá‰ª∂Â§π','Êñ∞Âª∫Êñá‰ª∂Â§π',0,'folder','/mnt/hgfs/www/SNSCloud/data/1/private//1410340068','/mnt/hgfs/www/SNSCloud/data/1/private//1410340068',0,'1410340068','1410340068'),(431,1,'Êñ∞Âª∫Êñá‰ª∂Â§π(0)','Êñ∞Âª∫Êñá‰ª∂Â§π(0)',0,'folder','/mnt/hgfs/www/SNSCloud/data/1/private//1410340072','/mnt/hgfs/www/SNSCloud/data/1/private//1410340072',0,'1410340072','1410340072'),(432,1,'Êñ∞Âª∫Êñá‰ª∂Â§π','Êñ∞Âª∫Êñá‰ª∂Â§π',0,'folder','/mnt/hgfs/www/SNSCloud/data/1/private//1410340081','/mnt/hgfs/www/SNSCloud/data/1/private//1410340081',0,'1410340081','1410340081'),(433,1,'newfile.txt','newfile.txt',0,'file','/mnt/hgfs/www/SNSCloud/data/1/private/1410340083.txt','/mnt/hgfs/www/SNSCloud/data/1/private/1410340083.txt',0,'1410340083','1410340083'),(434,1,'newfile.txt','newfile.txt',0,'file','/mnt/hgfs/www/SNSCloud/data/1/private/1410340087.txt','/mnt/hgfs/www/SNSCloud/data/1/private/1410340087.txt',0,'1410340087','1410340087'),(435,1,'newfile(0).txt','newfile(0).txt',0,'file','/mnt/hgfs/www/SNSCloud/data/1/private/1410340098.txt','/mnt/hgfs/www/SNSCloud/data/1/private/1410340098.txt',0,'1410340098','1410340098'),(436,1,'newfile.txt','newfile.txt',0,'file','/mnt/hgfs/www/SNSCloud/data/1/private/1410340102.txt','/mnt/hgfs/www/SNSCloud/data/1/private/1410340102.txt',0,'1410340102','1410340102'),(437,1,'newfile(0).txt','newfile(0).txt',0,'file','/mnt/hgfs/www/SNSCloud/data/1/private/1410340110.txt','/mnt/hgfs/www/SNSCloud/data/1/private/1410340110.txt',0,'1410340110','1410340110'),(438,1,'newfile.txt','newfile.txt',0,'file','/mnt/hgfs/www/SNSCloud/data/1/private/1410340115.txt','/mnt/hgfs/www/SNSCloud/data/1/private/1410340115.txt',0,'1410340115','1410340115'),(439,1,'newfile(0).txt','newfile(0).txt',0,'file','/mnt/hgfs/www/SNSCloud/data/1/private/1410340117.txt','/mnt/hgfs/www/SNSCloud/data/1/private/1410340117.txt',0,'1410340117','1410340117'),(440,1,'newfile(1).txt','newfile(1).txt',0,'file','/mnt/hgfs/www/SNSCloud/data/1/private/1410340120.txt','/mnt/hgfs/www/SNSCloud/data/1/private/1410340120.txt',0,'1410340120','1410340120'),(441,1,'newfile.txt','newfile.txt',0,'file','/mnt/hgfs/www/SNSCloud/data/1/private/1410340136.txt','/mnt/hgfs/www/SNSCloud/data/1/private/1410340136.txt',0,'1410340136','1410340136'),(442,1,'newfile(2).txt','newfile(2).txt',0,'file','/mnt/hgfs/www/SNSCloud/data/1/private/1410340148.txt','/mnt/hgfs/www/SNSCloud/data/1/private/1410340148.txt',0,'1410340148','1410340148'),(443,1,'newfile(1).txt','newfile(1).txt',0,'file','/mnt/hgfs/www/SNSCloud/data/1/private/1410340350.txt','/mnt/hgfs/www/SNSCloud/data/1/private/1410340350.txt',0,'1410340350','1410340350'),(444,1,'newfile(1).txt','newfile(1).txt',0,'file','/mnt/hgfs/www/SNSCloud/data/1/private/1410340355.txt','/mnt/hgfs/www/SNSCloud/data/1/private/1410340355.txt',0,'1410340355','1410340355'),(445,1,'newfile(3).txt','newfile(3).txt',0,'file','/mnt/hgfs/www/SNSCloud/data/1/private/1410340362.txt','/mnt/hgfs/www/SNSCloud/data/1/private/1410340362.txt',0,'1410340362','1410340362'),(446,1,'newfile(1).txt','newfile(1).txt',0,'file','/mnt/hgfs/www/SNSCloud/data/1/private/1410340366.txt','/mnt/hgfs/www/SNSCloud/data/1/private/1410340366.txt',0,'1410340366','1410340366'),(447,1,'newfile(1).txt','newfile(1).txt',0,'file','/mnt/hgfs/www/SNSCloud/data/1/private/1410340375.txt','/mnt/hgfs/www/SNSCloud/data/1/private/1410340375.txt',0,'1410340375','1410340375'),(448,1,'Êñ∞Âª∫Êñá‰ª∂Â§π','Êñ∞Âª∫Êñá‰ª∂Â§π',0,'folder','/mnt/hgfs/www/SNSCloud/data/1/private//1410340444','/mnt/hgfs/www/SNSCloud/data/1/private//1410340444',0,'1410340444','1410340444'),(449,1,'Êñ∞Âª∫Êñá‰ª∂Â§π(1)','Êñ∞Âª∫Êñá‰ª∂Â§π(1)',0,'folder','/mnt/hgfs/www/SNSCloud/data/1/private//1410340450','/mnt/hgfs/www/SNSCloud/data/1/private//1410340450',0,'1410340450','1410340450'),(450,1,'newfile.txt','newfile.txt',0,'file','/mnt/hgfs/www/SNSCloud/data/1/private/1410340453.txt','/mnt/hgfs/www/SNSCloud/data/1/private/1410340453.txt',0,'1410340453','1410340453'),(451,1,'newfile(0).txt','newfile(0).txt',0,'file','/mnt/hgfs/www/SNSCloud/data/1/private/1410340455.txt','/mnt/hgfs/www/SNSCloud/data/1/private/1410340455.txt',0,'1410340455','1410340455'),(452,1,'newfile(1).txt','newfile(1).txt',0,'file','/mnt/hgfs/www/SNSCloud/data/1/private/1410340460.txt','/mnt/hgfs/www/SNSCloud/data/1/private/1410340460.txt',0,'1410340460','1410340460'),(453,1,'newfile(4).txt','newfile(4).txt',0,'file','/mnt/hgfs/www/SNSCloud/data/1/private/1410340464.txt','/mnt/hgfs/www/SNSCloud/data/1/private/1410340464.txt',0,'1410340464','1410340464'),(454,1,'Êñ∞Âª∫Êñá‰ª∂Â§π','Êñ∞Âª∫Êñá‰ª∂Â§π',0,'folder','/mnt/hgfs/www/SNSCloud/data/1/private//1410340469','/mnt/hgfs/www/SNSCloud/data/1/private//1410340469',0,'1410340469','1410340469'),(455,1,'newfile(1).txt','newfile(1).txt',0,'file','/mnt/hgfs/www/SNSCloud/data/1/private/1410340503.txt','/mnt/hgfs/www/SNSCloud/data/1/private/1410340503.txt',0,'1410340503','1410340503'),(456,1,'newfile(2).txt','newfile(2).txt',0,'file','/mnt/hgfs/www/SNSCloud/data/1/private/1410340577.txt','/mnt/hgfs/www/SNSCloud/data/1/private/1410340577.txt',0,'1410340577','1410340577'),(457,1,'Êñ∞Âª∫Êñá‰ª∂Â§π','Êñ∞Âª∫Êñá‰ª∂Â§π',0,'folder','/mnt/hgfs/www/SNSCloud/data/1/private//1410340589','/mnt/hgfs/www/SNSCloud/data/1/private//1410340589',0,'1410340589','1410340589'),(458,1,'newfile(5).txt','newfile(5).txt',0,'file','/mnt/hgfs/www/SNSCloud/data/1/private/1410340593.txt','/mnt/hgfs/www/SNSCloud/data/1/private/1410340593.txt',0,'1410340593','1410340593'),(459,1,'newfile(3).txt','newfile(3).txt',0,'file','/mnt/hgfs/www/SNSCloud/data/1/private/1410340596.txt','/mnt/hgfs/www/SNSCloud/data/1/private/1410340596.txt',0,'1410340596','1410340596'),(460,1,'Êñ∞Âª∫Êñá‰ª∂Â§π(2)','Êñ∞Âª∫Êñá‰ª∂Â§π(2)',0,'folder','/mnt/hgfs/www/SNSCloud/data/1/private//1410340605','/mnt/hgfs/www/SNSCloud/data/1/private//1410340605',0,'1410340605','1410340605'),(461,1,'newfile.txt','newfile.txt',0,'file','/mnt/hgfs/www/SNSCloud/data/1/private/1410340607.txt','/mnt/hgfs/www/SNSCloud/data/1/private/1410340607.txt',0,'1410340607','1410340607'),(462,1,'newfile(6).txt','newfile(6).txt',0,'file','/mnt/hgfs/www/SNSCloud/data/1/private/1410340612.txt','/mnt/hgfs/www/SNSCloud/data/1/private/1410340612.txt',0,'1410340612','1410340612'),(463,1,'Êñ∞Âª∫Êñá‰ª∂Â§π(3)','Êñ∞Âª∫Êñá‰ª∂Â§π(3)',0,'folder','/mnt/hgfs/www/SNSCloud/data/1/private//1410340615','/mnt/hgfs/www/SNSCloud/data/1/private//1410340615',0,'1410340615','1410340615'),(464,1,'newfile(7).txt','newfile(7).txt',0,'file','/mnt/hgfs/www/SNSCloud/data/1/private/1410340620.txt','/mnt/hgfs/www/SNSCloud/data/1/private/1410340620.txt',0,'1410340620','1410340620'),(465,1,'ÁæéÂÆ∂SSL VPNÁî®Êà∑ÊåáÂçó.doc','ÁæéÂÆ∂SSL VPNÁî®Êà∑ÊåáÂçó.doc',532992,'file','/mnt/hgfs/www/SNSCloud/data/1/private/1410425222.doc','/mnt/hgfs/www/SNSCloud/data/1/private/1410425222.doc',0,'1410425222','1410425222');
/*!40000 ALTER TABLE `sns_cmm_localfile_manage` ENABLE KEYS */;
UNLOCK TABLES;

--
-- Table structure for table `sns_cmm_logs`
--

DROP TABLE IF EXISTS `sns_cmm_logs`;
/*!40101 SET @saved_cs_client     = @@character_set_client */;
/*!40101 SET character_set_client = utf8 */;
CREATE TABLE `sns_cmm_logs` (
  `logid` bigint(8) unsigned NOT NULL AUTO_INCREMENT COMMENT 'Êó•Âøó',
  `userid` int(11) DEFAULT NULL COMMENT 'Áî®Êà∑id',
  `operationid` int(11) DEFAULT NULL COMMENT 'Êìç‰Ωúid',
  `description` varchar(255) DEFAULT NULL COMMENT 'Êó•ÂøóÊèèËø∞',
  `gcloudid` varchar(45) DEFAULT NULL COMMENT 'Êñá‰ª∂id',
  `ipaddress` varchar(13) NOT NULL COMMENT 'ÂàõÂª∫Êó∂Èó¥',
  `sql` varchar(255) DEFAULT NULL COMMENT 'sqlËØ≠Âè•',
  `createtime` varchar(13) NOT NULL COMMENT 'ÂàõÂª∫Êó∂Èó¥',
  PRIMARY KEY (`logid`)
) ENGINE=InnoDB AUTO_INCREMENT=440 DEFAULT CHARSET=utf8;
/*!40101 SET character_set_client = @saved_cs_client */;

--
-- Dumping data for table `sns_cmm_logs`
--

LOCK TABLES `sns_cmm_logs` WRITE;
/*!40000 ALTER TABLE `sns_cmm_logs` DISABLE KEYS */;
INSERT INTO `sns_cmm_logs` VALUES (394,1,NULL,'Êñ∞Âª∫Êñá‰ª∂Â§πÊñ∞Âª∫Êñá‰ª∂Â§π','392','192.168.0.210',NULL,'1410318944'),(395,1,NULL,'Êñ∞Âª∫Êñá‰ª∂Â§πÊñ∞Âª∫Êñá‰ª∂Â§π(0)','393','192.168.0.210',NULL,'1410318945'),(396,1,NULL,'Êñ∞Âª∫Êñá‰ª∂newfile.txt','394','192.168.0.210',NULL,'1410318947'),(397,1,NULL,'Êñ∞Âª∫Êñá‰ª∂Â§πÊñ∞Âª∫Êñá‰ª∂Â§π(1)','395','192.168.0.210',NULL,'1410318948'),(398,1,NULL,'‰øÆÊîπÊñá‰ª∂ÂêçÊñ∞Âª∫Êñá‰ª∂Â§π‰∏∫TEST','392','192.168.0.210',NULL,'1410318954'),(399,1,NULL,'‰øÆÊîπÊñá‰ª∂ÂêçÊñ∞Âª∫Êñá‰ª∂Â§π(0)‰∏∫TEST1','393','192.168.0.210',NULL,'1410318959'),(400,1,NULL,'‰øÆÊîπÊñá‰ª∂ÂêçÊñ∞Âª∫Êñá‰ª∂Â§π(1)‰∏∫TEST2','395','192.168.0.210',NULL,'1410318962'),(401,1,NULL,'Êñ∞Âª∫Êñá‰ª∂Â§πÊñ∞Âª∫Êñá‰ª∂Â§π','396','192.168.0.210',NULL,'1410338038'),(402,1,NULL,'Êñ∞Âª∫Êñá‰ª∂Â§πÊñ∞Âª∫Êñá‰ª∂Â§π(0)','397','192.168.0.210',NULL,'1410338045'),(403,1,NULL,'Êñ∞Âª∫Êñá‰ª∂newfile.txt','398','192.168.0.210',NULL,'1410338047'),(404,1,NULL,'Êñ∞Âª∫Êñá‰ª∂Â§πÊñ∞Âª∫Êñá‰ª∂Â§π','399','192.168.0.210',NULL,'1410340068'),(405,1,NULL,'Êñ∞Âª∫Êñá‰ª∂Â§πÊñ∞Âª∫Êñá‰ª∂Â§π(0)','400','192.168.0.210',NULL,'1410340072'),(406,1,NULL,'Êñ∞Âª∫Êñá‰ª∂Â§πÊñ∞Âª∫Êñá‰ª∂Â§π','401','192.168.0.210',NULL,'1410340081'),(407,1,NULL,'Êñ∞Âª∫Êñá‰ª∂newfile.txt','402','192.168.0.210',NULL,'1410340083'),(408,1,NULL,'Êñ∞Âª∫Êñá‰ª∂newfile.txt',NULL,'192.168.0.210',NULL,'1410340087'),(409,1,NULL,'Êñ∞Âª∫Êñá‰ª∂newfile(0).txt','403','192.168.0.210',NULL,'1410340098'),(410,1,NULL,'Êñ∞Âª∫Êñá‰ª∂newfile.txt','404','192.168.0.210',NULL,'1410340102'),(411,1,NULL,'Êñ∞Âª∫Êñá‰ª∂newfile(0).txt','405','192.168.0.210',NULL,'1410340110'),(412,1,NULL,'Êñ∞Âª∫Êñá‰ª∂newfile.txt','406','192.168.0.210',NULL,'1410340115'),(413,1,NULL,'Êñ∞Âª∫Êñá‰ª∂newfile(0).txt','407','192.168.0.210',NULL,'1410340117'),(414,1,NULL,'Êñ∞Âª∫Êñá‰ª∂newfile(1).txt','408','192.168.0.210',NULL,'1410340120'),(415,1,NULL,'Êñ∞Âª∫Êñá‰ª∂newfile.txt','409','192.168.0.210',NULL,'1410340136'),(416,1,NULL,'Êñ∞Âª∫Êñá‰ª∂newfile(2).txt','410','192.168.0.210',NULL,'1410340148'),(417,1,NULL,'Êñ∞Âª∫Êñá‰ª∂newfile(1).txt',NULL,'192.168.0.210',NULL,'1410340350'),(418,1,NULL,'Êñ∞Âª∫Êñá‰ª∂newfile(1).txt',NULL,'192.168.0.210',NULL,'1410340355'),(419,1,NULL,'Êñ∞Âª∫Êñá‰ª∂newfile(3).txt','411','192.168.0.210',NULL,'1410340362'),(420,1,NULL,'Êñ∞Âª∫Êñá‰ª∂newfile(1).txt',NULL,'192.168.0.210',NULL,'1410340366'),(421,1,NULL,'Êñ∞Âª∫Êñá‰ª∂newfile(1).txt',NULL,'192.168.0.210',NULL,'1410340375'),(422,1,NULL,'Êñ∞Âª∫Êñá‰ª∂Â§πÊñ∞Âª∫Êñá‰ª∂Â§π','412','192.168.0.210',NULL,'1410340444'),(423,1,NULL,'Êñ∞Âª∫Êñá‰ª∂Â§πÊñ∞Âª∫Êñá‰ª∂Â§π(1)','413','192.168.0.210',NULL,'1410340450'),(424,1,NULL,'Êñ∞Âª∫Êñá‰ª∂newfile.txt','414','192.168.0.210',NULL,'1410340453'),(425,1,NULL,'Êñ∞Âª∫Êñá‰ª∂newfile(0).txt','415','192.168.0.210',NULL,'1410340455'),(426,1,NULL,'Êñ∞Âª∫Êñá‰ª∂newfile(1).txt','416','192.168.0.210',NULL,'1410340460'),(427,1,NULL,'Êñ∞Âª∫Êñá‰ª∂newfile(4).txt','417','192.168.0.210',NULL,'1410340464'),(428,1,NULL,'Êñ∞Âª∫Êñá‰ª∂Â§πÊñ∞Âª∫Êñá‰ª∂Â§π','418','192.168.0.210',NULL,'1410340469'),(429,1,NULL,'Êñ∞Âª∫Êñá‰ª∂newfile(1).txt',NULL,'192.168.0.210',NULL,'1410340503'),(430,1,NULL,'Êñ∞Âª∫Êñá‰ª∂newfile(2).txt','419','192.168.0.210',NULL,'1410340577'),(431,1,NULL,'Êñ∞Âª∫Êñá‰ª∂Â§πÊñ∞Âª∫Êñá‰ª∂Â§π','420','192.168.0.210',NULL,'1410340589'),(432,1,NULL,'Êñ∞Âª∫Êñá‰ª∂newfile(5).txt','421','192.168.0.210',NULL,'1410340593'),(433,1,NULL,'Êñ∞Âª∫Êñá‰ª∂newfile(3).txt','422','192.168.0.210',NULL,'1410340596'),(434,1,NULL,'Êñ∞Âª∫Êñá‰ª∂Â§πÊñ∞Âª∫Êñá‰ª∂Â§π(2)','423','192.168.0.210',NULL,'1410340605'),(435,1,NULL,'Êñ∞Âª∫Êñá‰ª∂newfile.txt','424','192.168.0.210',NULL,'1410340607'),(436,1,NULL,'Êñ∞Âª∫Êñá‰ª∂newfile(6).txt','425','192.168.0.210',NULL,'1410340612'),(437,1,NULL,'Êñ∞Âª∫Êñá‰ª∂Â§πÊñ∞Âª∫Êñá‰ª∂Â§π(3)','426','192.168.0.210',NULL,'1410340615'),(438,1,NULL,'Êñ∞Âª∫Êñá‰ª∂newfile(7).txt','427','192.168.0.210',NULL,'1410340620'),(439,1,NULL,'‰∏ä‰º†Êñá‰ª∂ÁæéÂÆ∂SSL VPNÁî®Êà∑ÊåáÂçó.doc','428','192.168.0.210',NULL,'1410425222');
/*!40000 ALTER TABLE `sns_cmm_logs` ENABLE KEYS */;
UNLOCK TABLES;

--
-- Table structure for table `sns_cmm_share`
--

DROP TABLE IF EXISTS `sns_cmm_share`;
/*!40101 SET @saved_cs_client     = @@character_set_client */;
/*!40101 SET character_set_client = utf8 */;
CREATE TABLE `sns_cmm_share` (
  `shareid` bigint(8) unsigned NOT NULL AUTO_INCREMENT COMMENT 'ÂàÜ‰∫´id',
  `gcloudid` bigint(8) unsigned NOT NULL COMMENT 'GÁõò‰∫ëÊñá‰ª∂id',
  `ccloudid` bigint(19) unsigned NOT NULL COMMENT 'ÂúàÂ≠ê‰∫ëÊñá‰ª∂id',
  `userid` int(11) NOT NULL COMMENT 'Áî®Êà∑id',
  `useredid` int(11) DEFAULT NULL COMMENT 'Ë¢´ÂàÜ‰∫´ËÄÖid',
  `fileurl` varchar(255) NOT NULL COMMENT 'Êñá‰ª∂Ë∑ØÂæÑ',
  `sharelink` varchar(255) DEFAULT NULL COMMENT 'ÂàÜ‰∫´ÈìæÊé•',
  `isencryption` tinyint(1) unsigned DEFAULT '0' COMMENT 'ÊòØÂê¶Âä†ÂØÜÔºà0Âê¶Ôºå1ÊòØÔºâ',
  `password` varchar(45) DEFAULT NULL COMMENT 'Âä†ÂØÜÂØÜÁ†Å',
  `status` tinyint(1) unsigned NOT NULL DEFAULT '0' COMMENT 'Áä∂ÊÄÅÔºà0ÂàÜ‰∫´Ôºå1ÂÖ≥Èó≠Ôºâ',
  `createtime` varchar(13) NOT NULL COMMENT 'ÂàÜ‰∫´Êó∂Èó¥',
  PRIMARY KEY (`shareid`),
  KEY `fk_sns_cmm_share_sns_circle_cloudfile_manage1_idx` (`ccloudid`),
  KEY `fk_sns_cmm_share_sns_g_cloudfile_manage1_idx` (`gcloudid`),
  CONSTRAINT `fk_sns_cmm_share_sns_circle_cloudfile_manage1` FOREIGN KEY (`ccloudid`) REFERENCES `sns_circle_cloudfile_manage` (`ccloudid`) ON DELETE NO ACTION ON UPDATE NO ACTION,
  CONSTRAINT `fk_sns_cmm_share_sns_g_cloudfile_manage1` FOREIGN KEY (`gcloudid`) REFERENCES `sns_g_cloudfile_manage` (`gcloudid`) ON DELETE NO ACTION ON UPDATE NO ACTION
) ENGINE=InnoDB DEFAULT CHARSET=utf8;
/*!40101 SET character_set_client = @saved_cs_client */;

--
-- Dumping data for table `sns_cmm_share`
--

LOCK TABLES `sns_cmm_share` WRITE;
/*!40000 ALTER TABLE `sns_cmm_share` DISABLE KEYS */;
/*!40000 ALTER TABLE `sns_cmm_share` ENABLE KEYS */;
UNLOCK TABLES;

--
-- Table structure for table `sns_discussion_comment`
--

DROP TABLE IF EXISTS `sns_discussion_comment`;
/*!40101 SET @saved_cs_client     = @@character_set_client */;
/*!40101 SET character_set_client = utf8 */;
CREATE TABLE `sns_discussion_comment` (
  `commentid` bigint(8) unsigned NOT NULL AUTO_INCREMENT COMMENT 'ÂõûÂ§çid',
  `topicid` bigint(8) unsigned NOT NULL COMMENT 'ËØùÈ¢òid',
  `userid` int(11) unsigned NOT NULL COMMENT 'ÂõûÂ§çËÄÖid',
  `content` varchar(255) NOT NULL COMMENT 'ÂõûÂ§çÂÜÖÂÆπ',
  `attachment` varchar(100) DEFAULT NULL COMMENT 'ÈôÑ‰ª∂Âêç',
  `size` int(10) unsigned DEFAULT NULL COMMENT 'ÈôÑ‰ª∂Â§ßÂ∞è',
  `type` varchar(15) DEFAULT NULL COMMENT 'ÈôÑ‰ª∂Á±ªÂûã',
  `localpath` varchar(255) DEFAULT NULL COMMENT 'Êú¨Âú∞Ë∑ØÂæÑ',
  `url` varchar(255) DEFAULT NULL COMMENT 'ËÆøÈóÆË∑ØÂæÑ',
  `status` tinyint(1) unsigned DEFAULT '0' COMMENT 'Áä∂ÊÄÅÔºà0ÂèëÂ∏ÉÔºå1Á¶ÅÊ≠¢Ôºâ',
  `created` varchar(13) NOT NULL COMMENT 'ÂõûÂ§çÊó∂Èó¥',
  PRIMARY KEY (`commentid`),
  KEY `fk_sns_discussion_comment_sns_member1_idx` (`userid`),
  KEY `fk_sns_discussion_comment_sns_ discussion_topic1_idx` (`topicid`),
  CONSTRAINT `fk_sns_discussion_comment_sns_member1` FOREIGN KEY (`userid`) REFERENCES `sns_member` (`userid`) ON DELETE NO ACTION ON UPDATE NO ACTION,
  CONSTRAINT `fk_sns_discussion_comment_sns_ discussion_topic1` FOREIGN KEY (`topicid`) REFERENCES `sns_ discussion_topic` (`topicid`) ON DELETE NO ACTION ON UPDATE NO ACTION
) ENGINE=InnoDB DEFAULT CHARSET=utf8;
/*!40101 SET character_set_client = @saved_cs_client */;

--
-- Dumping data for table `sns_discussion_comment`
--

LOCK TABLES `sns_discussion_comment` WRITE;
/*!40000 ALTER TABLE `sns_discussion_comment` DISABLE KEYS */;
/*!40000 ALTER TABLE `sns_discussion_comment` ENABLE KEYS */;
UNLOCK TABLES;

--
-- Table structure for table `sns_function`
--

DROP TABLE IF EXISTS `sns_function`;
/*!40101 SET @saved_cs_client     = @@character_set_client */;
/*!40101 SET character_set_client = utf8 */;
CREATE TABLE `sns_function` (
  `functionid` int(11) unsigned NOT NULL AUTO_INCREMENT COMMENT 'ÂäüËÉΩid',
  `name` varchar(45) NOT NULL COMMENT 'ÂäüËÉΩÂêçÁß∞',
  `moduleid` int(11) unsigned NOT NULL COMMENT 'Ê®°Âùóid',
  PRIMARY KEY (`functionid`),
  KEY `fk_sns_function_sns_module1_idx` (`moduleid`),
  CONSTRAINT `fk_sns_function_sns_module1` FOREIGN KEY (`moduleid`) REFERENCES `sns_module` (`moduleid`) ON DELETE NO ACTION ON UPDATE NO ACTION
) ENGINE=InnoDB AUTO_INCREMENT=41 DEFAULT CHARSET=utf8;
/*!40101 SET character_set_client = @saved_cs_client */;

--
-- Dumping data for table `sns_function`
--

LOCK TABLES `sns_function` WRITE;
/*!40000 ALTER TABLE `sns_function` DISABLE KEYS */;
INSERT INTO `sns_function` VALUES (1,'ÊâìÂºÄÊñá‰ª∂Â§π',1),(2,'Â§çÂà∂Êñá‰ª∂Â§π',1),(3,'Ââ™ÂàáÊñá‰ª∂Â§π',1),(4,'Âà†Èô§Êñá‰ª∂Â§π',1),(5,'ÈáçÂëΩÂêçÊñá‰ª∂Â§π',1),(6,'ÁßªÂä®Êñá‰ª∂Â§π',1),(7,'Êñá‰ª∂Â§πÂä†ÂØÜ',1),(8,'ÂÖ±‰∫´Êñá‰ª∂Â§π',1),(9,'Êñá‰ª∂Â§πÂ±ûÊÄß',1),(10,'ÊâìÂºÄÊñá‰ª∂',1),(11,'ÁºñËæëÊñá‰ª∂',1),(12,'Â§çÂà∂Êñá‰ª∂',1),(13,'Ââ™ÂàáÊñá‰ª∂',1),(14,'ÁßªÂä®Êñá‰ª∂',1),(15,'Âà†Èô§Êñá‰ª∂',1),(16,'ÈáçÂëΩÂêçÊñá‰ª∂',1),(17,'Êñá‰ª∂Âä†ÂØÜ',1),(18,'‰∏ãËΩΩÊñá‰ª∂',1),(19,'ÂàÜ‰∫´Êñá‰ª∂',1),(20,'Êñá‰ª∂Â±ûÊÄß',1),(21,'ÊâìÂºÄÊñá‰ª∂Â§π',2),(22,'Â§çÂà∂Êñá‰ª∂Â§π',2),(23,'Ââ™ÂàáÊñá‰ª∂Â§π',2),(24,'Âà†Èô§Êñá‰ª∂Â§π',2),(25,'ÈáçÂëΩÂêçÊñá‰ª∂Â§π',2),(26,'ÁßªÂä®Êñá‰ª∂Â§π',2),(27,'Êñá‰ª∂Â§πÂä†ÂØÜ',2),(28,'ÂÖ±‰∫´Êñá‰ª∂Â§π',2),(29,'Êñá‰ª∂Â§πÂ±ûÊÄß',2),(30,'ÊâìÂºÄÊñá‰ª∂',2),(31,'ÁºñËæëÊñá‰ª∂',2),(32,'Â§çÂà∂Êñá‰ª∂',2),(33,'Ââ™ÂàáÊñá‰ª∂',2),(34,'ÁßªÂä®Êñá‰ª∂',2),(35,'Âà†Èô§Êñá‰ª∂',2),(36,'ÈáçÂëΩÂêçÊñá‰ª∂',2),(37,'Êñá‰ª∂Âä†ÂØÜ',2),(38,'‰∏ãËΩΩÊñá‰ª∂',2),(39,'ÂàÜ‰∫´Êñá‰ª∂',2),(40,'Êñá‰ª∂Â±ûÊÄß',2);
/*!40000 ALTER TABLE `sns_function` ENABLE KEYS */;
UNLOCK TABLES;

--
-- Table structure for table `sns_g_cloudfile_manage`
--

DROP TABLE IF EXISTS `sns_g_cloudfile_manage`;
/*!40101 SET @saved_cs_client     = @@character_set_client */;
/*!40101 SET character_set_client = utf8 */;
CREATE TABLE `sns_g_cloudfile_manage` (
  `gcloudid` bigint(8) unsigned NOT NULL AUTO_INCREMENT COMMENT '‰∫ëÊñá‰ª∂id',
  `parenturl` varchar(255) DEFAULT NULL COMMENT '‰∏äÁ∫ßË∑ØÂæÑ',
  `name` varchar(100) NOT NULL COMMENT 'Êñá‰ª∂Âêç',
  `url` varchar(255) NOT NULL COMMENT 'ËÆøÈóÆË∑ØÂæÑ',
  `oldurl` varchar(255) NOT NULL COMMENT 'ÂéüÂßãË∑ØÂæÑ',
  `fileid` bigint(8) unsigned NOT NULL COMMENT 'Êñá‰ª∂id',
  `userid` int(11) unsigned NOT NULL COMMENT '‰øÆÊîπËÄÖid',
  `ext` varchar(45) DEFAULT NULL COMMENT 'Êâ©Â±ïÂêç',
  `type` varchar(45) DEFAULT NULL COMMENT 'Á±ªÂûã',
  `accesstimes` int(10) unsigned DEFAULT '0' COMMENT 'Êü•ÁúãÊ¨°Êï∞',
  `isencryption` tinyint(1) unsigned DEFAULT '0' COMMENT 'Âä†ÂØÜÔºà0Âê¶Ôºå1ÊòØÔºâ',
  `isreadable` tinyint(1) unsigned DEFAULT '1' COMMENT 'ÂèØËØªÊÄßÔºà1ÂèØËØªÔºå0‰∏çÂèØËØªÔºâ',
  `iswriteable` tinyint(1) unsigned DEFAULT '1' COMMENT 'ÂèØÂÜôÊÄßÔºà1ÂèØÂÜôÔºå0‰∏çÂèØÂÜôÔºâ',
  `size` int(11) DEFAULT NULL COMMENT 'Êñá‰ª∂Â§ßÂ∞è',
  `sizefriendly` varchar(45) DEFAULT NULL COMMENT 'Êñá‰ª∂Â§ßÂ∞èÔºàÂ∏¶Âçï‰ΩçÔºâ',
  `status` tinyint(1) unsigned DEFAULT '0' COMMENT 'Áä∂ÊÄÅÔºà0ÊòæÁ§∫Ôºå1ÈöêËóèÔºâ',
  `lastaccesstime` varchar(13) NOT NULL COMMENT 'ÊúÄÂêéËÆøÈóÆÊó∂Èó¥',
  `modifytime` varchar(13) DEFAULT NULL COMMENT '‰øÆÊîπÊó∂Èó¥',
  `createtime` varchar(13) NOT NULL COMMENT 'ÂàõÂª∫Êó∂Èó¥',
  PRIMARY KEY (`gcloudid`),
  KEY `fk_sns_cmm_cloudfile_manage_sns_cmm_localfile_manage1_idx` (`fileid`),
  KEY `fk_sns_cmm_cloudfile_manage_sns_member1_idx` (`userid`),
  CONSTRAINT `fk_sns_cmm_cloudfile_manage_sns_cmm_localfile_manage1` FOREIGN KEY (`fileid`) REFERENCES `sns_cmm_localfile_manage` (`fileid`) ON DELETE NO ACTION ON UPDATE NO ACTION,
  CONSTRAINT `fk_sns_cmm_cloudfile_manage_sns_member1` FOREIGN KEY (`userid`) REFERENCES `sns_member` (`userid`) ON DELETE NO ACTION ON UPDATE NO ACTION
) ENGINE=InnoDB AUTO_INCREMENT=429 DEFAULT CHARSET=utf8;
/*!40101 SET character_set_client = @saved_cs_client */;

--
-- Dumping data for table `sns_g_cloudfile_manage`
--

LOCK TABLES `sns_g_cloudfile_manage` WRITE;
/*!40000 ALTER TABLE `sns_g_cloudfile_manage` DISABLE KEYS */;
INSERT INTO `sns_g_cloudfile_manage` VALUES (1,'','ÊàëÁöÑGÁõò','/mnt/hgfs/www/SNSCloud/data/1/private/','/mnt/hgfs/www/SNSCloud/data/1/private/',1,1,'','folder',1,0,1,1,1109504,'0 B',0,'1408699274','1410425222','1408699274'),(2,'','ÊàëÊî∂Âà∞ÁöÑÂàÜ‰∫´','/mnt/hgfs/www/SNSCloud/data/1/public/','/mnt/hgfs/www/SNSCloud/data/1/public/',2,1,'','folder',1,0,1,1,0,'0 B',0,'1408699274','1408699274','1408699274'),(392,'/mnt/hgfs/www/SNSCloud/data/1/private/','TEST','/mnt/hgfs/www/SNSCloud/data/1/private/TEST/','/mnt/hgfs/www/SNSCloud/data/1/private/Êñ∞Âª∫Êñá‰ª∂Â§π/',423,1,'','folder',1,0,1,1,0,'0 B',0,'1410318944','1410318954','1410318944'),(393,'/mnt/hgfs/www/SNSCloud/data/1/private/','TEST1','/mnt/hgfs/www/SNSCloud/data/1/private/TEST1/','/mnt/hgfs/www/SNSCloud/data/1/private/Êñ∞Âª∫Êñá‰ª∂Â§π(0)/',424,1,'','folder',1,0,1,1,0,'0 B',0,'1410318945','1410318959','1410318945'),(394,'/mnt/hgfs/www/SNSCloud/data/1/private/','newfile.txt','/mnt/hgfs/www/SNSCloud/data/1/private/newfile.txt','/mnt/hgfs/www/SNSCloud/data/1/private/newfile.txt',425,1,'txt','file',1,0,1,1,0,'0 B',0,'1410318947','1410318947','1410318947'),(395,'/mnt/hgfs/www/SNSCloud/data/1/private/TEST1/','TEST2','/mnt/hgfs/www/SNSCloud/data/1/private/TEST1/TEST2/','/mnt/hgfs/www/SNSCloud/data/1/private/TEST1/Êñ∞Âª∫Êñá‰ª∂Â§π(1)/',426,1,'','folder',1,0,1,1,0,'0 B',0,'1410318948','1410424664','1410318948'),(396,'/mnt/hgfs/www/SNSCloud/data/1/private/TEST/','Êñ∞Âª∫Êñá‰ª∂Â§π','/mnt/hgfs/www/SNSCloud/data/1/private/TEST/Êñ∞Âª∫Êñá‰ª∂Â§π/','/mnt/hgfs/www/SNSCloud/data/1/private/TEST/Êñ∞Âª∫Êñá‰ª∂Â§π/',427,1,'','folder',1,0,1,1,0,'0 B',0,'1410338038','1410338038','1410338038'),(397,'/mnt/hgfs/www/SNSCloud/data/1/private/TEST/','Êñ∞Âª∫Êñá‰ª∂Â§π(0)','/mnt/hgfs/www/SNSCloud/data/1/private/TEST/Êñ∞Âª∫Êñá‰ª∂Â§π(0)/','/mnt/hgfs/www/SNSCloud/data/1/private/TEST/Êñ∞Âª∫Êñá‰ª∂Â§π(0)/',428,1,'','folder',1,0,1,1,0,'0 B',0,'1410338045','1410338045','1410338045'),(398,'/mnt/hgfs/www/SNSCloud/data/1/private/TEST/','newfile.txt','/mnt/hgfs/www/SNSCloud/data/1/private/TEST/newfile.txt','/mnt/hgfs/www/SNSCloud/data/1/private/TEST/newfile.txt',429,1,'txt','file',1,0,1,1,0,'0 B',0,'1410338047','1410338047','1410338047'),(399,'/mnt/hgfs/www/SNSCloud/data/1/private/TEST1/','Êñ∞Âª∫Êñá‰ª∂Â§π','/mnt/hgfs/www/SNSCloud/data/1/private/Êñ∞Âª∫Êñá‰ª∂Â§π/','/mnt/hgfs/www/SNSCloud/data/1/private/Êñ∞Âª∫Êñá‰ª∂Â§π/',430,1,'','folder',1,0,1,1,0,'0 B',0,'1410340068','1410340068','1410340068'),(400,'/mnt/hgfs/www/SNSCloud/data/1/private/TEST1/','Êñ∞Âª∫Êñá‰ª∂Â§π(0)','/mnt/hgfs/www/SNSCloud/data/1/private/TEST1/Êñ∞Âª∫Êñá‰ª∂Â§π(0)/','/mnt/hgfs/www/SNSCloud/data/1/private/TEST1/Êñ∞Âª∫Êñá‰ª∂Â§π(0)/',431,1,'','folder',1,0,1,1,0,'0 B',0,'1410340072','1410340072','1410340072'),(401,'/mnt/hgfs/www/SNSCloud/data/1/private/TEST1/TEST2/','Êñ∞Âª∫Êñá‰ª∂Â§π','/mnt/hgfs/www/SNSCloud/data/1/private/TEST1/TEST2/Êñ∞Âª∫Êñá‰ª∂Â§π/','/mnt/hgfs/www/SNSCloud/data/1/private/TEST1/TEST2/Êñ∞Âª∫Êñá‰ª∂Â§π/',432,1,'','folder',1,0,1,1,0,'0 B',0,'1410340081','1410424664','1410340081'),(402,'/mnt/hgfs/www/SNSCloud/data/1/private/TEST1/TEST2/','newfile.txt','/mnt/hgfs/www/SNSCloud/data/1/private/TEST1/TEST2/newfile.txt','/mnt/hgfs/www/SNSCloud/data/1/private/TEST1/TEST2/newfile.txt',433,1,'txt','file',1,0,1,1,0,'0 B',0,'1410340083','1410424664','1410340083'),(403,'/mnt/hgfs/www/SNSCloud/data/1/private/','newfile(0).txt','/mnt/hgfs/www/SNSCloud/data/1/private/newfile(0).txt','/mnt/hgfs/www/SNSCloud/data/1/private/newfile(0).txt',435,1,'txt','file',1,0,1,1,0,'0 B',0,'1410340098','1410340098','1410340098'),(404,'/mnt/hgfs/www/SNSCloud/data/1/private/TEST1/','newfile.txt','/mnt/hgfs/www/SNSCloud/data/1/private/TEST1/newfile.txt','/mnt/hgfs/www/SNSCloud/data/1/private/TEST1/newfile.txt',436,1,'txt','file',1,0,1,1,0,'0 B',0,'1410340102','1410340102','1410340102'),(405,'/mnt/hgfs/www/SNSCloud/data/1/private/TEST1/','newfile(0).txt','/mnt/hgfs/www/SNSCloud/data/1/private/TEST1/newfile(0).txt','/mnt/hgfs/www/SNSCloud/data/1/private/TEST1/newfile(0).txt',437,1,'txt','file',1,0,1,1,0,'0 B',0,'1410340110','1410340110','1410340110'),(406,'/mnt/hgfs/www/SNSCloud/data/1/private/TEST1/Êñ∞Âª∫Êñá‰ª∂Â§π(0)/','newfile.txt','/mnt/hgfs/www/SNSCloud/data/1/private/TEST1/Êñ∞Âª∫Êñá‰ª∂Â§π(0)/newfile.txt','/mnt/hgfs/www/SNSCloud/data/1/private/TEST1/Êñ∞Âª∫Êñá‰ª∂Â§π(0)/newfile.txt',438,1,'txt','file',1,0,1,1,0,'0 B',0,'1410340115','1410340115','1410340115'),(407,'/mnt/hgfs/www/SNSCloud/data/1/private/TEST1/Êñ∞Âª∫Êñá‰ª∂Â§π(0)/','newfile(0).txt','/mnt/hgfs/www/SNSCloud/data/1/private/TEST1/Êñ∞Âª∫Êñá‰ª∂Â§π(0)/newfile(0).txt','/mnt/hgfs/www/SNSCloud/data/1/private/TEST1/Êñ∞Âª∫Êñá‰ª∂Â§π(0)/newfile(0).txt',439,1,'txt','file',1,0,1,1,0,'0 B',0,'1410340117','1410340117','1410340117'),(408,'/mnt/hgfs/www/SNSCloud/data/1/private/TEST1/','newfile(1).txt','/mnt/hgfs/www/SNSCloud/data/1/private/TEST1/Êñ∞Âª∫Êñá‰ª∂Â§π(0)/newfile(1).txt','/mnt/hgfs/www/SNSCloud/data/1/private/TEST1/Êñ∞Âª∫Êñá‰ª∂Â§π(0)/newfile(1).txt',440,1,'txt','file',1,0,1,1,0,'0 B',0,'1410340120','1410340120','1410340120'),(409,'/mnt/hgfs/www/SNSCloud/data/1/private/TEST1/Êñ∞Âª∫Êñá‰ª∂Â§π(0)/Êñ∞Âª∫Êñá‰ª∂Â§π(0)/','newfile.txt','/mnt/hgfs/www/SNSCloud/data/1/private/TEST1/Êñ∞Âª∫Êñá‰ª∂Â§π(0)/Êñ∞Âª∫Êñá‰ª∂Â§π(0)/newfile.txt','/mnt/hgfs/www/SNSCloud/data/1/private/TEST1/Êñ∞Âª∫Êñá‰ª∂Â§π(0)/Êñ∞Âª∫Êñá‰ª∂Â§π(0)/newfile.txt',441,1,'txt','file',1,0,1,1,0,'0 B',0,'1410340136','1410340136','1410340136'),(410,'/mnt/hgfs/www/SNSCloud/data/1/private/TEST1/','newfile(2).txt','/mnt/hgfs/www/SNSCloud/data/1/private/TEST1/Êñ∞Âª∫Êñá‰ª∂Â§π(0)/Êñ∞Âª∫Êñá‰ª∂Â§π(0)/newfile(2).txt','/mnt/hgfs/www/SNSCloud/data/1/private/TEST1/Êñ∞Âª∫Êñá‰ª∂Â§π(0)/Êñ∞Âª∫Êñá‰ª∂Â§π(0)/newfile(2).txt',442,1,'txt','file',1,0,1,1,0,'0 B',0,'1410340148','1410340148','1410340148'),(411,'/mnt/hgfs/www/SNSCloud/data/1/private/TEST1/','newfile(3).txt','/mnt/hgfs/www/SNSCloud/data/1/private/TEST1/newfile(3).txt','/mnt/hgfs/www/SNSCloud/data/1/private/TEST1/newfile(3).txt',445,1,'txt','file',1,0,1,1,0,'0 B',0,'1410340362','1410340362','1410340362'),(412,'/mnt/hgfs/www/SNSCloud/data/1/private/TEST1/Êñ∞Âª∫Êñá‰ª∂Â§π(0)/','Êñ∞Âª∫Êñá‰ª∂Â§π','/mnt/hgfs/www/SNSCloud/data/1/private/TEST1/Êñ∞Âª∫Êñá‰ª∂Â§π(0)/Êñ∞Âª∫Êñá‰ª∂Â§π/','/mnt/hgfs/www/SNSCloud/data/1/private/TEST1/Êñ∞Âª∫Êñá‰ª∂Â§π(0)/Êñ∞Âª∫Êñá‰ª∂Â§π/',448,1,'','folder',1,0,1,1,0,'0 B',0,'1410340444','1410340444','1410340444'),(413,'/mnt/hgfs/www/SNSCloud/data/1/private/TEST1/','Êñ∞Âª∫Êñá‰ª∂Â§π(1)','/mnt/hgfs/www/SNSCloud/data/1/private/TEST1/Êñ∞Âª∫Êñá‰ª∂Â§π(1)/','/mnt/hgfs/www/SNSCloud/data/1/private/TEST1/Êñ∞Âª∫Êñá‰ª∂Â§π(1)/',449,1,'','folder',1,0,1,1,0,'0 B',0,'1410340450','1410340450','1410340450'),(414,'/mnt/hgfs/www/SNSCloud/data/1/private/TEST1/Êñ∞Âª∫Êñá‰ª∂Â§π(1)/','newfile.txt','/mnt/hgfs/www/SNSCloud/data/1/private/TEST1/Êñ∞Âª∫Êñá‰ª∂Â§π(1)/newfile.txt','/mnt/hgfs/www/SNSCloud/data/1/private/TEST1/Êñ∞Âª∫Êñá‰ª∂Â§π(1)/newfile.txt',450,1,'txt','file',1,0,1,1,0,'0 B',0,'1410340453','1410340453','1410340453'),(415,'/mnt/hgfs/www/SNSCloud/data/1/private/TEST1/Êñ∞Âª∫Êñá‰ª∂Â§π(1)/','newfile(0).txt','/mnt/hgfs/www/SNSCloud/data/1/private/TEST1/Êñ∞Âª∫Êñá‰ª∂Â§π(1)/newfile(0).txt','/mnt/hgfs/www/SNSCloud/data/1/private/TEST1/Êñ∞Âª∫Êñá‰ª∂Â§π(1)/newfile(0).txt',451,1,'txt','file',1,0,1,1,0,'0 B',0,'1410340455','1410340455','1410340455'),(416,'/mnt/hgfs/www/SNSCloud/data/1/private/TEST1/Êñ∞Âª∫Êñá‰ª∂Â§π(1)/','newfile(1).txt','/mnt/hgfs/www/SNSCloud/data/1/private/TEST1/Êñ∞Âª∫Êñá‰ª∂Â§π(1)/newfile(1).txt','/mnt/hgfs/www/SNSCloud/data/1/private/TEST1/Êñ∞Âª∫Êñá‰ª∂Â§π(1)/newfile(1).txt',452,1,'txt','file',1,0,1,1,0,'0 B',0,'1410340460','1410340460','1410340460'),(417,'/mnt/hgfs/www/SNSCloud/data/1/private/TEST1/','newfile(4).txt','/mnt/hgfs/www/SNSCloud/data/1/private/TEST1/newfile(4).txt','/mnt/hgfs/www/SNSCloud/data/1/private/TEST1/newfile(4).txt',453,1,'txt','file',1,0,1,1,0,'0 B',0,'1410340464','1410340464','1410340464'),(418,'/mnt/hgfs/www/SNSCloud/data/1/private/TEST1/Êñ∞Âª∫Êñá‰ª∂Â§π/','Êñ∞Âª∫Êñá‰ª∂Â§π','/mnt/hgfs/www/SNSCloud/data/1/private/TEST1/Êñ∞Âª∫Êñá‰ª∂Â§π/Êñ∞Âª∫Êñá‰ª∂Â§π/','/mnt/hgfs/www/SNSCloud/data/1/private/TEST1/Êñ∞Âª∫Êñá‰ª∂Â§π/Êñ∞Âª∫Êñá‰ª∂Â§π/',454,1,'','folder',1,0,1,1,0,'0 B',0,'1410340469','1410340469','1410340469'),(419,'/mnt/hgfs/www/SNSCloud/data/1/private/TEST1/Êñ∞Âª∫Êñá‰ª∂Â§π(1)/','newfile(2).txt','/mnt/hgfs/www/SNSCloud/data/1/private/TEST1/Êñ∞Âª∫Êñá‰ª∂Â§π(1)/newfile(2).txt','/mnt/hgfs/www/SNSCloud/data/1/private/TEST1/Êñ∞Âª∫Êñá‰ª∂Â§π(1)/newfile(2).txt',456,1,'txt','file',1,0,1,1,0,'0 B',0,'1410340577','1410340577','1410340577'),(420,'/mnt/hgfs/www/SNSCloud/data/1/private/TEST1/Êñ∞Âª∫Êñá‰ª∂Â§π(1)/','Êñ∞Âª∫Êñá‰ª∂Â§π','/mnt/hgfs/www/SNSCloud/data/1/private/TEST1/Êñ∞Âª∫Êñá‰ª∂Â§π(1)/Êñ∞Âª∫Êñá‰ª∂Â§π/','/mnt/hgfs/www/SNSCloud/data/1/private/TEST1/Êñ∞Âª∫Êñá‰ª∂Â§π(1)/Êñ∞Âª∫Êñá‰ª∂Â§π/',457,1,'','folder',1,0,1,1,0,'0 B',0,'1410340589','1410340589','1410340589'),(421,'/mnt/hgfs/www/SNSCloud/data/1/private/TEST1/','newfile(5).txt','/mnt/hgfs/www/SNSCloud/data/1/private/TEST1/newfile(5).txt','/mnt/hgfs/www/SNSCloud/data/1/private/TEST1/newfile(5).txt',458,1,'txt','file',1,0,1,1,0,'0 B',0,'1410340593','1410340593','1410340593'),(422,'/mnt/hgfs/www/SNSCloud/data/1/private/TEST1/Êñ∞Âª∫Êñá‰ª∂Â§π(1)/','newfile(3).txt','/mnt/hgfs/www/SNSCloud/data/1/private/TEST1/Êñ∞Âª∫Êñá‰ª∂Â§π(1)/newfile(3).txt','/mnt/hgfs/www/SNSCloud/data/1/private/TEST1/Êñ∞Âª∫Êñá‰ª∂Â§π(1)/newfile(3).txt',459,1,'txt','file',1,0,1,1,0,'0 B',0,'1410340596','1410340596','1410340596'),(423,'/mnt/hgfs/www/SNSCloud/data/1/private/TEST1/','Êñ∞Âª∫Êñá‰ª∂Â§π(2)','/mnt/hgfs/www/SNSCloud/data/1/private/TEST1/Êñ∞Âª∫Êñá‰ª∂Â§π(2)/','/mnt/hgfs/www/SNSCloud/data/1/private/TEST1/Êñ∞Âª∫Êñá‰ª∂Â§π(2)/',460,1,'','folder',1,0,1,1,0,'0 B',0,'1410340605','1410340605','1410340605'),(424,'/mnt/hgfs/www/SNSCloud/data/1/private/TEST1/Êñ∞Âª∫Êñá‰ª∂Â§π(2)/','newfile.txt','/mnt/hgfs/www/SNSCloud/data/1/private/TEST1/Êñ∞Âª∫Êñá‰ª∂Â§π(2)/newfile.txt','/mnt/hgfs/www/SNSCloud/data/1/private/TEST1/Êñ∞Âª∫Êñá‰ª∂Â§π(2)/newfile.txt',461,1,'txt','file',1,0,1,1,0,'0 B',0,'1410340607','1410340607','1410340607'),(425,'/mnt/hgfs/www/SNSCloud/data/1/private/TEST1/','newfile(6).txt','/mnt/hgfs/www/SNSCloud/data/1/private/TEST1/newfile(6).txt','/mnt/hgfs/www/SNSCloud/data/1/private/TEST1/newfile(6).txt',462,1,'txt','file',1,0,1,1,0,'0 B',0,'1410340612','1410340612','1410340612'),(426,'/mnt/hgfs/www/SNSCloud/data/1/private/TEST1/','Êñ∞Âª∫Êñá‰ª∂Â§π(3)','/mnt/hgfs/www/SNSCloud/data/1/private/TEST1/Êñ∞Âª∫Êñá‰ª∂Â§π(3)/','/mnt/hgfs/www/SNSCloud/data/1/private/TEST1/Êñ∞Âª∫Êñá‰ª∂Â§π(3)/',463,1,'','folder',1,0,1,1,0,'0 B',0,'1410340615','1410340615','1410340615'),(427,'/mnt/hgfs/www/SNSCloud/data/1/private/TEST1/','newfile(7).txt','/mnt/hgfs/www/SNSCloud/data/1/private/TEST1/newfile(7).txt','/mnt/hgfs/www/SNSCloud/data/1/private/TEST1/newfile(7).txt',464,1,'txt','file',1,0,1,1,0,'0 B',0,'1410340620','1410340620','1410340620'),(428,'/mnt/hgfs/www/SNSCloud/data/1/private/','ÁæéÂÆ∂SSL VPNÁî®Êà∑ÊåáÂçó.doc','/mnt/hgfs/www/SNSCloud/data/1/private/ÁæéÂÆ∂SSL VPNÁî®Êà∑ÊåáÂçó.doc','/mnt/hgfs/www/SNSCloud/data/1/private/ÁæéÂÆ∂SSL VPNÁî®Êà∑ÊåáÂçó.doc',465,1,'doc','file',1,0,1,1,532992,'532992 B',0,'1410425222','1410425222','1410425222');
/*!40000 ALTER TABLE `sns_g_cloudfile_manage` ENABLE KEYS */;
UNLOCK TABLES;

--
-- Table structure for table `sns_g_operation_records`
--

DROP TABLE IF EXISTS `sns_g_operation_records`;
/*!40101 SET @saved_cs_client     = @@character_set_client */;
/*!40101 SET character_set_client = utf8 */;
CREATE TABLE `sns_g_operation_records` (
  `gorid` bigint(8) unsigned NOT NULL AUTO_INCREMENT COMMENT 'Êìç‰Ωúid',
  `cloudid` bigint(8) unsigned NOT NULL COMMENT '‰∫ëÊñá‰ª∂id',
  `operationid` int(11) unsigned NOT NULL COMMENT 'Êìç‰Ωúid',
  `createtime` varchar(13) NOT NULL COMMENT 'Êìç‰ΩúÊó∂Èó¥',
  PRIMARY KEY (`gorid`),
  KEY `fk_sns_g_operation_records_sns_cmm_cloudfile_manage1_idx` (`cloudid`),
  CONSTRAINT `fk_sns_g_operation_records_sns_cmm_cloudfile_manage1` FOREIGN KEY (`cloudid`) REFERENCES `sns_g_cloudfile_manage` (`gcloudid`) ON DELETE NO ACTION ON UPDATE NO ACTION
) ENGINE=InnoDB DEFAULT CHARSET=utf8;
/*!40101 SET character_set_client = @saved_cs_client */;

--
-- Dumping data for table `sns_g_operation_records`
--

LOCK TABLES `sns_g_operation_records` WRITE;
/*!40000 ALTER TABLE `sns_g_operation_records` DISABLE KEYS */;
/*!40000 ALTER TABLE `sns_g_operation_records` ENABLE KEYS */;
UNLOCK TABLES;

--
-- Table structure for table `sns_group`
--

DROP TABLE IF EXISTS `sns_group`;
/*!40101 SET @saved_cs_client     = @@character_set_client */;
/*!40101 SET character_set_client = utf8 */;
CREATE TABLE `sns_group` (
  `groupid` int(11) unsigned NOT NULL AUTO_INCREMENT COMMENT 'ÁªÑÊùÉÈôêid',
  `name` varchar(100) NOT NULL COMMENT 'ÂêçÁß∞',
  `created` varchar(13) NOT NULL COMMENT 'ÂàõÂª∫Êó∂Èó¥',
  PRIMARY KEY (`groupid`)
) ENGINE=InnoDB AUTO_INCREMENT=3 DEFAULT CHARSET=utf8 COMMENT='ÁªÑË°®';
/*!40101 SET character_set_client = @saved_cs_client */;

--
-- Dumping data for table `sns_group`
--

LOCK TABLES `sns_group` WRITE;
/*!40000 ALTER TABLE `sns_group` DISABLE KEYS */;
INSERT INTO `sns_group` VALUES (1,'ËØ≠ÊñáÁªÑ','1408004544'),(2,'ÂåñÂ≠¶ÁªÑ','1408004574');
/*!40000 ALTER TABLE `sns_group` ENABLE KEYS */;
UNLOCK TABLES;

--
-- Table structure for table `sns_group_role`
--

DROP TABLE IF EXISTS `sns_group_role`;
/*!40101 SET @saved_cs_client     = @@character_set_client */;
/*!40101 SET character_set_client = utf8 */;
CREATE TABLE `sns_group_role` (
  `grid` int(11) unsigned NOT NULL AUTO_INCREMENT COMMENT 'ÁªÑËßíËâ≤id',
  `groupid` int(11) unsigned NOT NULL COMMENT 'ÁªÑid',
  `roleid` int(11) unsigned NOT NULL COMMENT 'ËßíËâ≤id',
  PRIMARY KEY (`grid`),
  KEY `fk_sns_group_role_sns_group1_idx` (`groupid`),
  KEY `fk_sns_group_role_sns_role1_idx` (`roleid`),
  CONSTRAINT `fk_sns_group_role_sns_group1` FOREIGN KEY (`groupid`) REFERENCES `sns_group` (`groupid`) ON DELETE NO ACTION ON UPDATE NO ACTION,
  CONSTRAINT `fk_sns_group_role_sns_role1` FOREIGN KEY (`roleid`) REFERENCES `sns_role` (`roleid`) ON DELETE NO ACTION ON UPDATE NO ACTION
) ENGINE=InnoDB DEFAULT CHARSET=utf8 COMMENT='ÁªÑËßíËâ≤';
/*!40101 SET character_set_client = @saved_cs_client */;

--
-- Dumping data for table `sns_group_role`
--

LOCK TABLES `sns_group_role` WRITE;
/*!40000 ALTER TABLE `sns_group_role` DISABLE KEYS */;
/*!40000 ALTER TABLE `sns_group_role` ENABLE KEYS */;
UNLOCK TABLES;

--
-- Table structure for table `sns_member`
--

DROP TABLE IF EXISTS `sns_member`;
/*!40101 SET @saved_cs_client     = @@character_set_client */;
/*!40101 SET character_set_client = utf8 */;
CREATE TABLE `sns_member` (
  `userid` int(11) unsigned NOT NULL AUTO_INCREMENT COMMENT 'Áî®Êà∑id',
  `username` varchar(45) NOT NULL COMMENT 'Áî®Êà∑Âêç',
  `password` varchar(61) NOT NULL COMMENT 'ÂØÜÁ†Å',
  `email` varchar(100) NOT NULL COMMENT 'ÈÇÆÁÆ±',
  `name` varchar(45) DEFAULT NULL COMMENT 'ÁúüÂÆûÂßìÂêç',
  `idnumber` varchar(45) DEFAULT NULL COMMENT 'Ë∫´‰ªΩËØÅÂè∑Á†Å',
  `phone` varchar(45) DEFAULT NULL COMMENT 'ÁîµËØù',
  `birthday` varchar(15) DEFAULT NULL COMMENT 'ÁîüÊó•',
  `sex` tinyint(1) unsigned DEFAULT '0' COMMENT 'ÂßìÂêçÔºà0Â•≥Ôºå1Áî∑Ôºâ',
  `question` varchar(100) DEFAULT NULL COMMENT 'ÂØÜÁ†ÅÊèêÁ§∫ÈóÆÈ¢ò',
  `answer` varchar(100) DEFAULT NULL COMMENT 'ÂØÜÁ†ÅÊèêÁ§∫Á≠îÊ°à',
  `provinceid` int(11) DEFAULT NULL COMMENT 'ÁúÅ‰ªΩid',
  `cityid` int(11) DEFAULT NULL COMMENT 'ÂüéÂ∏Çid',
  `county` varchar(45) DEFAULT NULL COMMENT 'Âå∫Âéøid',
  `classid` int(11) unsigned DEFAULT NULL COMMENT 'Âπ¥Á∫ßid',
  `disciplineid` int(11) unsigned DEFAULT NULL COMMENT 'Â≠¶Áßëid',
  `spacesize` varchar(45) DEFAULT NULL COMMENT 'Á©∫Èó¥Â§ßÂ∞è',
  `status` tinyint(1) unsigned DEFAULT '0' COMMENT 'Áä∂ÊÄÅÔºà0Ê≠£Â∏∏Ôºå1Á¶ÅÁî®Ôºâ',
  `created` varchar(13) NOT NULL COMMENT 'Ê≥®ÂÜåÊó•Êúü',
  PRIMARY KEY (`userid`)
) ENGINE=InnoDB AUTO_INCREMENT=9 DEFAULT CHARSET=utf8;
/*!40101 SET character_set_client = @saved_cs_client */;

--
-- Dumping data for table `sns_member`
--

LOCK TABLES `sns_member` WRITE;
/*!40000 ALTER TABLE `sns_member` DISABLE KEYS */;
INSERT INTO `sns_member` VALUES (1,'wangbiao','wangbiao','wangbiao@pktcn.com','wangbiao',NULL,NULL,NULL,0,NULL,NULL,NULL,NULL,NULL,NULL,NULL,NULL,0,'1408004860'),(2,'tester','tester','tester@pktcn.com','tester',NULL,NULL,NULL,0,NULL,NULL,NULL,NULL,NULL,NULL,NULL,NULL,0,'1408004928'),(3,'tester1','123123','test1@admin.com','tester1',NULL,NULL,NULL,NULL,NULL,NULL,NULL,NULL,NULL,NULL,NULL,NULL,0,'1408073045'),(4,'tester2','123123','test2@admin.com','tester2',NULL,NULL,NULL,NULL,NULL,NULL,NULL,NULL,NULL,NULL,NULL,NULL,0,'1408073502'),(5,'tester3','123123','test3@admin.com','tester3',NULL,NULL,NULL,NULL,NULL,NULL,NULL,NULL,NULL,NULL,NULL,NULL,0,'1408073585'),(6,'tester4','123123','test4@admin.com','tester4',NULL,NULL,NULL,NULL,NULL,NULL,NULL,NULL,NULL,NULL,NULL,NULL,0,'1408074024'),(7,'tester5','123123','tester5@admin.com','tester5',NULL,NULL,NULL,NULL,NULL,NULL,NULL,NULL,NULL,NULL,NULL,NULL,0,'1408074085'),(8,'tester6','123123','tester6@admin.com','tester6',NULL,NULL,NULL,NULL,NULL,NULL,NULL,NULL,NULL,NULL,NULL,NULL,0,'1408074167');
/*!40000 ALTER TABLE `sns_member` ENABLE KEYS */;
UNLOCK TABLES;

--
-- Table structure for table `sns_member_group`
--

DROP TABLE IF EXISTS `sns_member_group`;
/*!40101 SET @saved_cs_client     = @@character_set_client */;
/*!40101 SET character_set_client = utf8 */;
CREATE TABLE `sns_member_group` (
  `mgid` int(11) unsigned NOT NULL AUTO_INCREMENT COMMENT 'Áî®Êà∑ÁªÑid',
  `groupid` int(11) unsigned NOT NULL,
  `userid` int(11) unsigned NOT NULL,
  PRIMARY KEY (`mgid`),
  KEY `fk_sns_member_group_sns_group1_idx` (`groupid`),
  KEY `fk_sns_member_group_sns_member1_idx` (`userid`),
  CONSTRAINT `fk_sns_member_group_sns_group1` FOREIGN KEY (`groupid`) REFERENCES `sns_group` (`groupid`) ON DELETE NO ACTION ON UPDATE NO ACTION,
  CONSTRAINT `fk_sns_member_group_sns_member1` FOREIGN KEY (`userid`) REFERENCES `sns_member` (`userid`) ON DELETE NO ACTION ON UPDATE NO ACTION
) ENGINE=InnoDB DEFAULT CHARSET=utf8 COMMENT='Áî®Êà∑ÁªÑË°®';
/*!40101 SET character_set_client = @saved_cs_client */;

--
-- Dumping data for table `sns_member_group`
--

LOCK TABLES `sns_member_group` WRITE;
/*!40000 ALTER TABLE `sns_member_group` DISABLE KEYS */;
/*!40000 ALTER TABLE `sns_member_group` ENABLE KEYS */;
UNLOCK TABLES;

--
-- Table structure for table `sns_member_role`
--

DROP TABLE IF EXISTS `sns_member_role`;
/*!40101 SET @saved_cs_client     = @@character_set_client */;
/*!40101 SET character_set_client = utf8 */;
CREATE TABLE `sns_member_role` (
  `mrid` int(11) unsigned NOT NULL AUTO_INCREMENT COMMENT 'Áî®Êà∑ËßíËâ≤id',
  `userid` int(11) unsigned NOT NULL COMMENT 'Áî®Êà∑id',
  `roleid` int(11) unsigned NOT NULL,
  PRIMARY KEY (`mrid`),
  KEY `fk_sns_member_role_sns_member1_idx` (`userid`),
  KEY `fk_sns_member_role_sns_role1_idx` (`roleid`),
  CONSTRAINT `fk_sns_member_role_sns_member1` FOREIGN KEY (`userid`) REFERENCES `sns_member` (`userid`) ON DELETE NO ACTION ON UPDATE NO ACTION,
  CONSTRAINT `fk_sns_member_role_sns_role1` FOREIGN KEY (`roleid`) REFERENCES `sns_role` (`roleid`) ON DELETE NO ACTION ON UPDATE NO ACTION
) ENGINE=InnoDB AUTO_INCREMENT=5 DEFAULT CHARSET=utf8 COMMENT='Áî®Êà∑-ËßíËâ≤Ë°®';
/*!40101 SET character_set_client = @saved_cs_client */;

--
-- Dumping data for table `sns_member_role`
--

LOCK TABLES `sns_member_role` WRITE;
/*!40000 ALTER TABLE `sns_member_role` DISABLE KEYS */;
INSERT INTO `sns_member_role` VALUES (1,1,1),(2,2,2),(3,7,2),(4,8,2);
/*!40000 ALTER TABLE `sns_member_role` ENABLE KEYS */;
UNLOCK TABLES;

--
-- Table structure for table `sns_module`
--

DROP TABLE IF EXISTS `sns_module`;
/*!40101 SET @saved_cs_client     = @@character_set_client */;
/*!40101 SET character_set_client = utf8 */;
CREATE TABLE `sns_module` (
  `moduleid` int(11) unsigned NOT NULL AUTO_INCREMENT COMMENT 'Ê®°Âùóid',
  `name` varchar(45) NOT NULL COMMENT 'Ê®°ÂùóÂêçÁß∞',
  `description` varchar(45) DEFAULT NULL COMMENT 'Ê®°ÂùóÊèèËø∞',
  PRIMARY KEY (`moduleid`)
) ENGINE=InnoDB AUTO_INCREMENT=3 DEFAULT CHARSET=utf8 COMMENT='Ê®°ÂùóË°®';
/*!40101 SET character_set_client = @saved_cs_client */;

--
-- Dumping data for table `sns_module`
--

LOCK TABLES `sns_module` WRITE;
/*!40000 ALTER TABLE `sns_module` DISABLE KEYS */;
INSERT INTO `sns_module` VALUES (1,'GÁõò','GÁõòÊ®°Âùó'),(2,'ÂúàÂ≠ê','ÂúàÂ≠êÊ®°Âùó');
/*!40000 ALTER TABLE `sns_module` ENABLE KEYS */;
UNLOCK TABLES;

--
-- Table structure for table `sns_operation`
--

DROP TABLE IF EXISTS `sns_operation`;
/*!40101 SET @saved_cs_client     = @@character_set_client */;
/*!40101 SET character_set_client = utf8 */;
CREATE TABLE `sns_operation` (
  `operationid` int(11) unsigned NOT NULL AUTO_INCREMENT COMMENT 'Êìç‰Ωúid',
  `operation` varchar(100) NOT NULL COMMENT 'Êìç‰Ωú',
  `description` varchar(100) DEFAULT NULL COMMENT 'ÊèèËø∞',
  PRIMARY KEY (`operationid`)
) ENGINE=InnoDB AUTO_INCREMENT=12 DEFAULT CHARSET=utf8 COMMENT='Êìç‰ΩúË°®';
/*!40101 SET character_set_client = @saved_cs_client */;

--
-- Dumping data for table `sns_operation`
--

LOCK TABLES `sns_operation` WRITE;
/*!40000 ALTER TABLE `sns_operation` DISABLE KEYS */;
INSERT INTO `sns_operation` VALUES (1,'ÊâìÂºÄ',''),(2,'ÁºñËæë',''),(3,'Â§çÂà∂',''),(4,'Ââ™Âàá',''),(5,'ÁßªÂä®',''),(6,'Âà†Èô§',''),(7,'ÈáçÂëΩÂêç',''),(8,'Âä†ÂØÜ',''),(9,'‰∏ãËΩΩ',''),(10,'ÂàÜ‰∫´',''),(11,'Â±ûÊÄß','');
/*!40000 ALTER TABLE `sns_operation` ENABLE KEYS */;
UNLOCK TABLES;

--
-- Table structure for table `sns_operation_func`
--

DROP TABLE IF EXISTS `sns_operation_func`;
/*!40101 SET @saved_cs_client     = @@character_set_client */;
/*!40101 SET character_set_client = utf8 */;
CREATE TABLE `sns_operation_func` (
  `ofid` int(11) unsigned NOT NULL AUTO_INCREMENT COMMENT 'Êìç‰Ωú-ÂäüËÉΩid',
  `operationid` int(11) unsigned NOT NULL COMMENT 'Êìç‰Ωúid',
  `functionid` int(11) unsigned NOT NULL COMMENT 'ÂäüË',
  PRIMARY KEY (`ofid`),
  KEY `fk_sns_operation_func_sns_operation1_idx` (`operationid`),
  KEY `fk_sns_operation_func_sns_function1_idx` (`functionid`),
  CONSTRAINT `fk_sns_operation_func_sns_function1` FOREIGN KEY (`functionid`) REFERENCES `sns_function` (`functionid`) ON DELETE NO ACTION ON UPDATE NO ACTION,
  CONSTRAINT `fk_sns_operation_func_sns_operation1` FOREIGN KEY (`operationid`) REFERENCES `sns_operation` (`operationid`) ON DELETE NO ACTION ON UPDATE NO ACTION
) ENGINE=InnoDB AUTO_INCREMENT=41 DEFAULT CHARSET=utf8 COMMENT='Êìç‰Ωú-ÂäüËÉΩË°®';
/*!40101 SET character_set_client = @saved_cs_client */;

--
-- Dumping data for table `sns_operation_func`
--

LOCK TABLES `sns_operation_func` WRITE;
/*!40000 ALTER TABLE `sns_operation_func` DISABLE KEYS */;
INSERT INTO `sns_operation_func` VALUES (1,1,1),(2,3,2),(3,4,3),(4,6,4),(5,7,5),(6,5,6),(7,8,7),(8,10,8),(9,11,9),(10,1,10),(11,2,11),(12,3,12),(13,4,13),(14,5,14),(15,6,15),(16,7,16),(17,8,17),(18,9,18),(19,10,19),(20,11,20),(21,1,21),(22,3,22),(23,4,23),(24,6,24),(25,7,25),(26,5,26),(27,8,27),(28,10,28),(29,11,29),(30,1,30),(31,2,31),(32,3,32),(33,4,33),(34,5,34),(35,6,35),(36,7,36),(37,8,37),(38,9,38),(39,10,39),(40,11,40);
/*!40000 ALTER TABLE `sns_operation_func` ENABLE KEYS */;
UNLOCK TABLES;

--
-- Table structure for table `sns_opinion`
--

DROP TABLE IF EXISTS `sns_opinion`;
/*!40101 SET @saved_cs_client     = @@character_set_client */;
/*!40101 SET character_set_client = utf8 */;
CREATE TABLE `sns_opinion` (
  `opinionid` bigint(8) unsigned NOT NULL AUTO_INCREMENT COMMENT 'ÊÑèËßÅid',
  `userid` int(11) DEFAULT NULL COMMENT 'Áî®Êà∑id',
  `email` varchar(100) NOT NULL COMMENT 'ÈÇÆÁÆ±Âú∞ÂùÄ',
  `content` varchar(255) NOT NULL COMMENT 'ÊÑèËßÅÂÜÖÂÆπ',
  `created` varchar(13) NOT NULL COMMENT 'ÂàõÂª∫Êó∂Èó¥',
  PRIMARY KEY (`opinionid`)
) ENGINE=InnoDB DEFAULT CHARSET=utf8 COMMENT='ÊÑèËßÅÂèçÈ¶àË°®';
/*!40101 SET character_set_client = @saved_cs_client */;

--
-- Dumping data for table `sns_opinion`
--

LOCK TABLES `sns_opinion` WRITE;
/*!40000 ALTER TABLE `sns_opinion` DISABLE KEYS */;
/*!40000 ALTER TABLE `sns_opinion` ENABLE KEYS */;
UNLOCK TABLES;

--
-- Table structure for table `sns_play_comment`
--

DROP TABLE IF EXISTS `sns_play_comment`;
/*!40101 SET @saved_cs_client     = @@character_set_client */;
/*!40101 SET character_set_client = utf8 */;
CREATE TABLE `sns_play_comment` (
  `commentid` bigint(8) unsigned NOT NULL AUTO_INCREMENT COMMENT 'ËØÑËÆ∫id',
  `userid` int(11) unsigned NOT NULL COMMENT 'ËØÑËÆ∫ËÄÖid',
  `playid` bigint(8) unsigned NOT NULL COMMENT 'Êí≠Êîæid',
  `userided` int(11) unsigned DEFAULT NULL COMMENT 'Ë¢´ËØÑËÆ∫ËÄÖid',
  `playtime` varchar(45) DEFAULT NULL COMMENT 'ËØÑËÆ∫Êó∂Èó¥ÁÇπ',
  `content` tinytext NOT NULL COMMENT 'ËØÑËÆ∫ÂÜÖÂÆπ',
  `created` varchar(13) NOT NULL COMMENT 'ËØÑËÆ∫Êó∂Èó¥',
  PRIMARY KEY (`commentid`),
  KEY `fk_sns_play_comment_sns_member1_idx` (`userid`),
  KEY `fk_sns_play_comment_sns_play_records1_idx` (`playid`),
  CONSTRAINT `fk_sns_play_comment_sns_member1` FOREIGN KEY (`userid`) REFERENCES `sns_member` (`userid`) ON DELETE NO ACTION ON UPDATE NO ACTION,
  CONSTRAINT `fk_sns_play_comment_sns_play_records1` FOREIGN KEY (`playid`) REFERENCES `sns_play_records` (`playid`) ON DELETE NO ACTION ON UPDATE NO ACTION
) ENGINE=InnoDB DEFAULT CHARSET=utf8;
/*!40101 SET character_set_client = @saved_cs_client */;

--
-- Dumping data for table `sns_play_comment`
--

LOCK TABLES `sns_play_comment` WRITE;
/*!40000 ALTER TABLE `sns_play_comment` DISABLE KEYS */;
/*!40000 ALTER TABLE `sns_play_comment` ENABLE KEYS */;
UNLOCK TABLES;

--
-- Table structure for table `sns_play_records`
--

DROP TABLE IF EXISTS `sns_play_records`;
/*!40101 SET @saved_cs_client     = @@character_set_client */;
/*!40101 SET character_set_client = utf8 */;
CREATE TABLE `sns_play_records` (
  `playid` bigint(8) unsigned NOT NULL AUTO_INCREMENT COMMENT 'Êí≠Êîæid',
  `userid` int(11) unsigned NOT NULL,
  `fileid` bigint(8) unsigned NOT NULL COMMENT 'Êñá‰ª∂id',
  `starttime` varchar(45) DEFAULT NULL COMMENT 'ÂºÄÂßãËÆ°Êó∂',
  `endtime` varchar(45) DEFAULT NULL COMMENT 'ÁªìÊùüÊó∂Èó¥',
  `bestlessons` int(11) DEFAULT '0' COMMENT 'ÊúÄËøëÊéàËØæ',
  `bestslice` int(11) DEFAULT '0' COMMENT 'ÊúÄ‰Ω≥ÂàáÁâá',
  `bestproduce` int(11) DEFAULT '0' COMMENT 'ÊúÄ‰Ω≥ÂΩïÂà∂',
  `created` varchar(13) NOT NULL COMMENT 'ÂàõÂª∫Êó∂Èó¥',
  PRIMARY KEY (`playid`),
  KEY `fk_sns_play_records_sns_member1_idx` (`userid`),
  KEY `fk_sns_play_records_sns_file_manage1_idx` (`fileid`),
  CONSTRAINT `fk_sns_play_records_sns_member1` FOREIGN KEY (`userid`) REFERENCES `sns_member` (`userid`) ON DELETE NO ACTION ON UPDATE NO ACTION,
  CONSTRAINT `fk_sns_play_records_sns_file_manage1` FOREIGN KEY (`fileid`) REFERENCES `sns_cmm_localfile_manage` (`fileid`) ON DELETE NO ACTION ON UPDATE NO ACTION
) ENGINE=InnoDB DEFAULT CHARSET=utf8;
/*!40101 SET character_set_client = @saved_cs_client */;

--
-- Dumping data for table `sns_play_records`
--

LOCK TABLES `sns_play_records` WRITE;
/*!40000 ALTER TABLE `sns_play_records` DISABLE KEYS */;
/*!40000 ALTER TABLE `sns_play_records` ENABLE KEYS */;
UNLOCK TABLES;

--
-- Table structure for table `sns_role`
--

DROP TABLE IF EXISTS `sns_role`;
/*!40101 SET @saved_cs_client     = @@character_set_client */;
/*!40101 SET character_set_client = utf8 */;
CREATE TABLE `sns_role` (
  `roleid` int(11) unsigned NOT NULL AUTO_INCREMENT COMMENT 'ËßíËâ≤id',
  `name` varchar(100) NOT NULL COMMENT 'ËßíËâ≤Âêç',
  PRIMARY KEY (`roleid`)
) ENGINE=InnoDB AUTO_INCREMENT=3 DEFAULT CHARSET=utf8 COMMENT='ËßíËâ≤Ë°®';
/*!40101 SET character_set_client = @saved_cs_client */;

--
-- Dumping data for table `sns_role`
--

LOCK TABLES `sns_role` WRITE;
/*!40000 ALTER TABLE `sns_role` DISABLE KEYS */;
INSERT INTO `sns_role` VALUES (1,'admin'),(2,'ÊôÆÈÄöÁî®Êà∑');
/*!40000 ALTER TABLE `sns_role` ENABLE KEYS */;
UNLOCK TABLES;

--
-- Table structure for table `sns_setting`
--

DROP TABLE IF EXISTS `sns_setting`;
/*!40101 SET @saved_cs_client     = @@character_set_client */;
/*!40101 SET character_set_client = utf8 */;
CREATE TABLE `sns_setting` (
  `userid` int(11) DEFAULT NULL,
  `caseanalysis` tinyint(1) unsigned DEFAULT '0' COMMENT 'ËØæ‰æãÂàÜÊûê',
  `e-journal` tinyint(1) unsigned DEFAULT '0' COMMENT 'ÁîµÂ≠êÊúüÂàä',
  `rating` tinyint(1) unsigned DEFAULT '0' COMMENT 'ËØÑÊØîÊµÅÁ®ã',
  `resourcecloud` tinyint(1) unsigned DEFAULT '0' COMMENT 'ËµÑÊ∫êËøêÂπ≥Âè∞',
  `microcase` tinyint(1) unsigned DEFAULT '0' COMMENT 'ÂæÆÈ¢óËØæ‰æãÂàÜÊûêÂπ≥Âè∞',
  `journalplatform` tinyint(1) DEFAULT NULL COMMENT 'ÁîµÂ≠êÊúüÂàäÂπ≥Âè∞'
) ENGINE=InnoDB DEFAULT CHARSET=utf8;
/*!40101 SET character_set_client = @saved_cs_client */;

--
-- Dumping data for table `sns_setting`
--

LOCK TABLES `sns_setting` WRITE;
/*!40000 ALTER TABLE `sns_setting` DISABLE KEYS */;
/*!40000 ALTER TABLE `sns_setting` ENABLE KEYS */;
UNLOCK TABLES;
/*!40103 SET TIME_ZONE=@OLD_TIME_ZONE */;

/*!40101 SET SQL_MODE=@OLD_SQL_MODE */;
/*!40014 SET FOREIGN_KEY_CHECKS=@OLD_FOREIGN_KEY_CHECKS */;
/*!40014 SET UNIQUE_CHECKS=@OLD_UNIQUE_CHECKS */;
/*!40101 SET CHARACTER_SET_CLIENT=@OLD_CHARACTER_SET_CLIENT */;
/*!40101 SET CHARACTER_SET_RESULTS=@OLD_CHARACTER_SET_RESULTS */;
/*!40101 SET COLLATION_CONNECTION=@OLD_COLLATION_CONNECTION */;
/*!40111 SET SQL_NOTES=@OLD_SQL_NOTES */;

-- Dump completed on 2014-09-11 17:38:46
